id,droga,laboratorio,porcentaje_efectividad,precio
1,Irinotecan Hydrochloride,"APP Pharmaceuticals, LLC",83.56705,7389.376
2,body luxuries Vanilla Frosting Antibacterial Hand Sanitizer,,22.04267,953.722
3,FazaClo,"Jazz Pharmaceuticals, Inc.",35.09045,2208.843
4,Fluoxetine,Clinical Solutions Wholesale,53.1599,5525.339
5,Lithium Carbonate,West-Ward Pharmaceutical Corp,86.62768,6215.604
6,EXPECTUSS,"Centurion Labs, LLC",34.98943,5428.802
7,Phentermine Hydrochloride,"Preferred Pharmaceuticals, Inc.",94.47076,6370.171
8,Zeel,Heel Inc,68.39255,2047.85
9,Levomefolate Calcium Acetylcysteine and Mecobalamin Algal,Virtus Pharmaceuticals,76.89871,6340.103
10,Amlodipine Besylate and Benazepril Hydrochloride,Aidarex Pharmaceuticals LLC,29.41022,3087.326
11,equate sinus,Wal-Mart Stores Inc,26.78957,3380.403
12,Pain Relief,P and L Development of New York Corporation,15.03956,3025.774
13,RAZADYNE,"Janssen Pharmaceuticals, Inc.",37.7518,1228.795
14,Dextromethorphan Hydrobromide and Promethazine Hydrochloride,,10.95682,4664.016
15,meloxicam,Proficient Rx LP,22.00139,6236.671
16,METRONIDAZOLE,Claris Lifesciences Inc.,12.52871,4984.708
17,Naproxen Sodium,HyVee Inc,94.58559,2806.97
18,Avon Sun,"Avon Products, Inc",6.3949,1487.712
19,Famotidine,Wockhardt Limited,45.77887,4505.014
20,Walgreens 7-in-1 Anti-Aging Vitamin Complex Broad Spectrum SPF 15 Sunscreen,Walgreen Company,94.8707,3496.303
21,Propranolol Hydrochloride,Mylan Pharmaceuticals Inc.,68.44459,4186.136
22,ROPINIROLE HYDROCHLORIDE,"Physicians Total Care, Inc.",72.36133,4884.895
23,Potassium Chloride,Bryant Ranch Prepack,10.1931,5717.875
24,Naproxen Sodium,Major Pharmaceuticals,79.74444,4138.73
25,Treatment Set TS329526,"Antigen Laboratories, Inc.",27.82281,1121.069
26,Ginsamin Power,"Biogrand Co., Ltd",89.82836,1266.546
27,Phenylephrine HCl,Cantrell Drug Company,19.08017,6893.956
28,Naproxen,"PD-Rx Pharmaceuticals, Inc.",57.08445,4741.686
29,Cefepime,"APP Pharmaceuticals, LLC",78.29006,6296.309
30,dg health cold and flu relief,"Dolgencorp, LLC",79.62666,7346.201
31,Xylocaine,"APP Pharmaceuticals, LLC",24.49752,4682.521
32,Epinephrine,Cardinal Health,46.16607,2987.981
33,SHISEIDO SHEER MATIFYING COMPACT (REFILL),"SHISEIDO CO., LTD.",47.08576,6616.325
34,Paroxetine Hydrochloride,Mylan Pharmaceuticals Inc.,82.56584,4044.064
35,Cyclophosphamide,Baxter Healthcare Corporation,92.53559,4983.153
36,Neutrogena Body Clear Body Wash,Neutrogena Corporation,83.09936,3855.689
37,Antiseptic Mouth Rinse,"Onpoint, Inc",6.17492,6121.286
38,CARMEX original lip balm EXTERNAL ANALGESIC,"Carma Laboratories, Inc.",79.65935,6246.188
39,Rifampin,Mylan Institutional LLC,52.24183,3927.454
40,Anxiety,Apotheca Company,3.55078,4880.286
41,Methocarbamol,Qualitest Pharmaceuticals,49.40886,1116.769
42,Theophylline in Dextrose,B. Braun Medical Inc.,4.18463,6876.22
43,Acetone Alcohol,"Medline Industries, Inc.",73.96366,5350.985
44,MOSQUITO FOR DIAGNOSTIC USE ONLY,"Allergy Laboratories, Inc.",60.80302,6133.925
45,,"Nelco Laboratories, Inc.",63.64107,7448.003
46,wal itin d,Walgreen Company,76.50319,4746.0
47,Eyewash Station Additive Concentrate,Niagara Pharmaceuticals Inc.,38.70912,7900.468
48,Actoplus Met,"Physicians Total Care, Inc.",10.257,6459.176
49,Nizatidine,"Watson Laboratories, Inc.",82.4365,7628.252
50,Divalproex Sodium,Lake Erie Medical DBA Quality Care Products LLC,23.62893,3975.007
51,Colestipol Hydrochloride,"Physicians Total Care, Inc.",30.54432,5769.475
52,Warfarin Sodium,St Marys Medical Park Pharmacy,65.73403,1341.934
53,Zonisamide,AvPAK,50.98604,3326.085
54,Tamoxifen Citrate,Mylan Pharmaceuticals Inc.,53.36514,1564.81
55,DT Fluoride,"Volume Distributors, Inc.",23.16541,1049.661
56,Motion Sickness II,"WOONSOCKET PRESCRIPTION CENTER,INCORPORATED",63.54,1943.607
57,Acyclovir,Cardinal Health,79.0934,6049.692
58,Kiss My Face - Oat Protein Complex SPF 30,Kiss My Face Corp.,47.93545,3999.595
59,azithromycin,"Dispensing Solutions, Inc.",16.45115,4191.598
60,Stay Awake,H E B,58.7473,5151.169
61,Medrox,"Dispensing Solutions, Inc.",44.3996,4241.55
62,miconazole 3,Meijer Distribution Inc,61.30953,5297.98
63,Cold-EEZE,"ProPhase Labs, Inc.",88.66702,3300.327
64,MAYFAIR ANTI-BACTERIAL HAND SANITIZER,Sellars Absorbent Materials,7.16664,3144.046
65,Warm Vanilla Hand Sanitizer,"Greenbrier International, Inc.",40.14468,7502.349
66,ATORVASTATIN CALCIUM,"Preferred Pharmaceuticals, Inc.",76.77173,7233.531
67,Suboxone,Bryant Ranch Prepack,56.92367,5078.96
68,Prednisolone Sodium Phosphate,Cardinal Health,55.78569,5506.359
69,Serotonin,BioActive Nutritional,34.71531,2620.323
70,Diarrhea,"Newton Laboratories, Inc.",33.40887,2028.477
71,Somatuline Depot,"Ipsen Biopharmaceuticals, Inc.",82.2605,6117.436
72,Clobetasol Propionate,"Physicians Total Care, Inc.",29.88932,7039.507
73,Fluphenazine Hydrochloride,Clinical Solutions Wholesale,55.30037,4582.217
74,Up and Up Hemorrhoidal,Target Corporation,85.64322,4379.954
75,Feverall,Cardinal Health,23.60505,3964.915
76,Childrens Silapap,Bryant Ranch Prepack,43.83496,5796.133
77,Pleo Lari,Sanum Kehlbeck GmbH & Co. KG,22.27284,3796.124
78,BETULA NIGRA POLLEN,"ALK-Abello, Inc.",48.82752,1833.47
79,Nortriptyline Hydrochloride,Unit Dose Services,84.23641,1700.967
80,Povidone Iodine,"Jiangsu Province JianErKang Medical Dressing Co. ,Ltd.",5.3466,6263.943
81,Up and Up First Aid Antibiotic,Target Corporation,60.93585,6087.211
82,Lantiseptic,"Summit Industries, Inc.",12.73149,3681.134
83,Menstrual Relief,Target Corporation,72.52382,1343.253
84,Metoclopramide,Ranbaxy Pharmaceuticals Inc.,37.44852,839.889
85,Azopt,"Alcon Laboratories, Inc.",57.39558,2614.397
86,Mesalamine,Perrigo New York Inc,24.02361,6635.205
87,Promethazine VC,A-S Medication Solutions LLC,83.36131,6275.692
88,Rizatriptan Benzoate,Aurobindo Pharma Limited,9.05783,5586.859
89,Pomegranate Rose Hand Sanitizer,,9.44225,7257.696
90,Vicks Sinex,The Procter & Gamble Manufacturing Company,70.92135,3452.963
91,Clarithromycin,"Life Line Home Care Services, Inc.",85.5163,7895.69
92,Sore Throat,QUALITY CHOICE (Chain Drug Marketing Association),92.83326,1227.436
93,Clozapine,Mylan Pharmaceuticals Inc.,53.32228,3895.234
94,Inflamma-Tone,Energetix Corp,15.81072,1701.194
95,Clonazepam,"Preferred Pharmaceuticals, Inc",6.47889,872.354
96,Nasal Relief,Rugby Laboratories,44.95774,4981.734
97,,LAURA GELLER MAKE UP INC.,12.97686,1983.672
98,Pure Pain Relief,"Concept Laboratories, Inc.",81.06366,4972.494
99,TLB-Matrix,"Vitality Works, Inc.",42.92374,6358.316
100,Pregnyl,Organon USA Inc.,78.62604,930.979
101,Cuprum sulfuricum 6,Uriel Pharmacy Inc.,84.40927,3247.626
102,Ear Care,"Newton Laboratories, Inc.",20.80353,1324.549
103,,"PHARMAKON, LLC",39.43565,4873.128
104,Topiramate,REMEDYREPACK INC.,12.97879,4130.723
105,Age Control Anti-Sagging and Ultra Hydrating Day SPF 15,"Wal-Mart Stores, Inc.",89.78589,5862.507
106,gloTriple Action Serum,CoValence Inc.,56.68435,3118.57
107,Nasal Decongestant,Safeway,53.62096,851.23
108,Menopur,Ferring Pharmaceuticals Inc.,4.85058,2549.391
109,Temazepam,McKesson Contract Packaging,66.33955,3369.566
110,XtraCare Creamy Petroleum Jelly,China Ningbo Shangge Cosmetic Technology Corp.,87.23422,7028.204
111,Zicam Ultra Cold Remedy Rapidmelts,"Matrixx Initiatives, Inc.",78.31581,832.754
112,Micro-K Extencaps,Ther-Rx Corporation,45.6461,4335.574
113,VYTORIN,Rebel Distributors Corp,78.62772,3157.501
114,DG Health Hydrocortisone,"Dolgencorp, LLC",72.83585,6327.665
115,ACETAMINOPHEN AND CODEINe,STAT RX USA LLC,92.53502,4370.613
116,Irbesartan,"Roxane Laboratories, Inc.",69.83972,6446.156
117,SHISEIDO RADIANT LIFTING FOUNDATION,SHISEIDO AMERICA INC.,31.81041,2582.153
118,White Poplar,"Nelco Laboratories, Inc.",68.87596,7887.215
119,NEOMYCIN AND POLYMYXIN B SULFATES AND HYDROCORTISONE,STAT RX USA LLC,52.77735,2694.179
120,Sotalol Hydrochloride,,67.74787,2939.673
121,AMOREPACIFIC,AMOREPACIFIC,3.37568,7679.119
122,Loratadine and Pseudoephedrine Sulfate,Select Brand,59.86069,6092.893
123,Captopril,"Golden State Medical Supply, Inc.",32.14014,7900.685
124,Isosorbide Dinitrate,Sandoz Inc,43.67375,7812.716
125,Acyclovir,Aidarex Pharmaceuticals LLC,14.71506,2410.35
126,Brontuss,Portal Inc.,86.27208,4206.564
127,Naprelan,ALMATICA PHARMA INC.,79.57234,7922.862
128,Amoxicillin,Aidarex Pharmaceuticals LLC,17.04884,6426.553
129,Cetaphil,"Galderma Laboratories, L.P.",64.24623,816.088
130,Gemcitabine Hydrochloride,"Watson Laboratories, Inc.",9.52043,7298.351
131,Trichothecium roseum,"Nelco Laboratories, Inc.",55.83859,1741.182
132,Codfish,"Nelco Laboratories, Inc.",59.3506,7506.522
133,ZOVIRAX,BTA PHARMACEUTICALS INC,26.98521,2351.645
134,Ben E.Keith,Ben E. Keith,91.10596,5712.894
135,CALCITRIOL,Carilion Materials Management,17.41732,7290.437
136,Enalapril Maleate,Mylan Pharmaceuticals Inc.,69.59167,3937.306
137,Mupirocin,"Glenmark Generics Inc., USA",54.62227,4129.972
138,Thyrotox,"BioActive Nutritional, Inc.",50.97552,4643.731
139,Omeprazole,,22.55255,5164.641
140,Childrens Pepto,Procter & Gamble Manufacturing Company,27.86115,4087.181
141,Goldenrod,,29.30734,7829.687
142,Nitrostat,Parke-Davis Div of Pfizer Inc,5.80362,1645.932
143,ALLERGY KIDS RELIEF,HOMEOLAB USA INC,85.80082,990.345
144,BOBBI BROWN BRIGHTENING PROTECTIVE FACE BASE,Bobbi Brown Professional Cosmetics Inc.,75.19712,915.585
145,Theophylline in Dextrose,"Hospira, Inc.",76.94259,3793.285
146,Good Morning Mama,,12.33018,7704.313
147,Ery,Perrigo New York Inc,24.98297,5659.077
148,Dexamethasone,"Morton Grove Pharmaceuticals, Inc.",72.79396,3402.265
149,PROCRIT,"Janssen Products, LP",81.1356,7440.807
150,Good Sense Childrens Pain and Fever,L. Perrigo Company,72.42539,3464.336
151,Trimethobenzamide Hydrochloride,Lake Erie Medical DBA Quality Care Products LLC,23.47501,2424.55
152,Pegasys,"Genentech, Inc.",17.83403,3898.569
153,Illusion Tinted Moisturizer Broad Spectrum Sable,"Kingdom Animalia, LLC DBA Hourglass Cosmetics",19.833,6078.249
154,Suphedrine PE,"Stephen L. LaFrance Pharmacy, Inc.",3.89705,4401.8
155,CLE DE PEAU BEAUTE FOUNDATION I,"SHISEIDO CO., LTD.",82.71355,1077.586
156,good sense tussin,L. Perrigo Company,53.64721,4227.575
157,Colds Flu,Natural Health Supply,47.51982,4669.728
158,Frankincense and Myrrh Cold and Flu Prevention,Wise Consumer Products,89.63607,1632.738
159,MIDODRINE HYDROCHLORIDE,"Global Pharmaceuticals, Division of Impax Laboratories Inc.",53.87859,1202.304
160,Modesa,Shanghai Weierya Daily Chemicals Factory,29.1708,1321.552
161,Hydrocodone Bitartrate And Acetaminophen,"Preferred Pharmaceuticals, Inc",24.47341,5597.779
162,Eye Sarcode,Apotheca Company,92.92351,5395.895
163,Dr. OH PATCH,Dr. Oh Patch Inc.,69.1876,5888.559
164,Metoprolol Tartrate,"Caraco Pharmaceutical Laboratories, Ltd.",46.98109,7528.043
165,ShopRight Childrens Nighttime Cold and Cough,Wakefern Food Corporation,39.72128,960.576
166,AcipHex,Lake Erie Medical & Surgical Supplies DBA Quality Care Products LLC,26.90904,1484.661
167,Hydroxychloroquine Sulfate,Aidarex Pharmaceuticals LLC,21.08895,6439.472
168,Niron Komplete,"WH Nutritionals, LLC",11.39606,5104.528
169,Neutrogena Ageless Intensives Tone Correcting Daily Moisturizer,Neutrogena Corporation,54.05639,7869.26
170,Lamotrigine,Mylan Institutional Inc.,58.94754,4241.386
171,,"ALK-Abello, Inc.",94.53284,7893.956
172,Carbamazepine,Apotex Corp.,14.37364,6316.125
173,Diltiazem Hydrochloride,"Watson Pharma, Inc.",24.44367,3694.241
174,Methotrexate,Pfizer Laboratories Div Pfizer Inc.,92.14575,7064.406
175,losartan potassium,"PD-Rx Pharmaceuticals, Inc.",61.00512,3180.885
176,Digoxin,"Global Pharmaceuticals, Division of Impax Laboratories Inc.",44.83,4835.438
177,"Isometheptene Mucate, Caffeine, and Acetaminophen",Xspire Pharma,48.08057,2662.351
178,Stool Softener,P and L Development of New York Corporation (ReadyInCase),51.60017,2646.306
179,Treatment Set TS128871,"Antigen Laboratories, Inc.",5.4489,7312.516
180,Piroxicam,"H.J. Harkins Company, Inc.",4.46737,4824.411
181,Neutrogena Norwegian Formula Lip Moisturizer,Neutrogena Corporation,18.05183,7824.658
182,HEMMORHOIDS,Natural Health Supply,26.45094,7124.947
183,Jantoven,Cardinal Health,19.81656,3739.45
184,Oxygen,Weiler Welding Company,79.25918,7955.655
185,safety coated aspirin,Care One (American Sales Company),29.02154,3950.424
186,Mercurius cyanatus 6,Uriel Pharmacy Inc.,68.97793,5898.715
187,Oak,"Energique, Inc.",19.26684,2333.723
188,kirkland signature pain and fever,Costco Wholesale Company,58.16343,6729.563
189,ACREMONIUM STRICTUM,"ALK-Abello, Inc.",31.53219,2163.057
190,Glipizide,Par Pharmaceutical,83.5731,4048.427
191,Walgreens Anti-Sagging and Ultra Hydrating Day Cream Broad Spectrum SPF15 Sunscreen,Walgreen Company,76.37779,5705.054
192,equaline nasal decongestant pe,Supervalu Inc,5.42912,1005.43
193,ProAmatine,Shire US Manufacturing Inc.,63.48724,6409.404
194,,"PharmaDerm, A division of Nycomed US Inc.",66.03229,7195.755
195,Buspirone Hydrochloride,"NCS HealthCare of KY, Inc dba Vangard Labs",83.54004,2573.026
196,Clonidine Hydrochloride,Mylan Institutional Inc.,61.81592,1193.911
197,Ferric Citrate,"Keryx Biopharmaceuticals, Inc.",50.46838,2727.139
198,Sentraflox AM-10,Physician Therapeutics LLC,14.06574,4737.583
199,Carbamazepine,REMEDYREPACK INC.,67.1563,2418.174
200,Always Nuddy CC,"Cosmecca Korea Co., Ltd.",27.76952,2856.78
201,Lemon,"Nelco Laboratories, Inc.",94.11252,4915.202
202,PANTOPRAZOLE SODIUM,St Marys Medical Park Pharmacy,39.07913,3699.284
203,Sensorcaine,"APP Pharmaceuticals, LLC",55.1307,4227.282
204,Silicea,"True Botanica, LLC",62.57109,5526.791
205,DOK,Major Pharmaceuticals,62.23781,4252.331
206,Lachesis Belladonna,Uriel Pharmacy Inc.,5.46448,7976.712
207,Enteric Coated Aspirin,Qualitest Pharmaceuticals,54.81539,2219.51
208,Hydralazine Hydrochloride,McKesson Contract Packaging,17.66331,4449.374
209,LBEL,Ventura International LTD.,88.90128,6691.669
210,California Black Walnut,"Nelco Laboratories, Inc.",92.49356,3936.896
211,Cephalexin,"Golden State Medical Supply, Inc.",71.05195,1297.215
212,Purminerals 4 in 1 Makeup SPF 15 Tan,PUR MINERALS,28.88095,6213.747
213,FENTANYL TRANSDERMAL SYSTEM,Bryant Ranch Prepack,61.63617,5201.185
214,Olay Moisturizer,Procter & Gamble Manufacturing Company,22.5852,7583.365
215,,,24.00717,3610.622
216,Buspirone Hydrochloride,"Physicians Total Care, Inc.",60.60613,3852.276
217,Cefdinir,LUPIN PHARMACEUTICALS INC,84.48062,4321.758
218,ITCHY SKIN ERUPTIONS,Natural Health Supply,7.2398,1700.445
219,7 Select Ibuprofen,7-Eleven,11.63393,5992.865
220,CYZONE,Ventura Corporation LTD.,4.11951,6823.397
221,Ergocalciferol,"PD-Rx Pharmaceuticals, Inc.",43.18832,1363.986
222,Night Time Cherry,Premier Value,52.06595,6917.918
223,Molds - Mold Mix 10,Jubilant HollisterStier LLC,52.45757,6875.015
224,Systane,Alcon Research Ltd,5.03198,2854.37
225,Fluocinonide,"MedVantx, Inc.",3.12206,1834.356
226,Magnesia Phos Kit Refill,Washington Homeopathic Products,38.74719,5126.28
227,Renew Dimethicone Skin Protectant,Dermarite Industries LLC,69.30392,7587.183
228,Antacid Antigas,Select Brand,3.33343,7290.856
229,Etodolac,"Taro Pharmaceuticals U.S.A., Inc.",37.16684,5338.795
230,HYDROCODONE BIT/APAP,Medsource Pharmaceuticals,28.79497,6571.067
231,Homeopathic Remedy Kit 30c,Washington Homeopathic Products,28.77691,7659.919
232,Naproxen,REMEDYREPACK INC.,44.22631,7795.414
233,Diltiazem Hydrochloride,American Health Packaging,4.35125,6079.317
234,Mucus Relief,HyVee Inc,26.03467,7956.859
235,LBEL EFFET PARFAIT MINERAL NATURAL SKIN EFFECT MOUSSE FOUNDATION SPF 16,Ventura International LTD,14.316,6902.773
236,Nicotine,Walgreen Company,87.52678,7574.92
237,POPULUS DELTOIDES POLLEN,"ALK-Abello, Inc.",69.35962,7078.454
238,Treatment Set TS333246,"Antigen Laboratories, Inc.",36.71903,4705.643
239,TEMAZEPAM,"Mallinckrodt, Inc.",58.64118,2709.737
240,FIBROMYALGIA RELIEF,HOMEOLAB USA INC.,49.91721,1757.248
241,Hydrochlorothiazide,"Golden State Medical Supply, Inc",19.94472,2264.062
242,Obao,ALL NATURAL DYNAMICS,68.41221,4727.256
243,Sertraline Hydrochloride,"International Labs, Inc.",65.9543,3290.788
244,HydrOXYzine Hydrochloride,"Preferred Pharmaceuticals, Inc.",85.82601,6116.302
245,Premier Value Famotidine,Premier Value,73.21118,4312.772
246,DenTek Instant Pain Relief,DenTek Oral Care. Inc.,38.4351,7824.226
247,Clonidine Hydrochloride,Par Pharmaceutical,61.57039,2689.952
248,Zosyn,"Wyeth Pharmaceuticals Inc., a subsidiary of Pfizer Inc.",4.14256,4277.966
249,Venlafaxine Hydrochloride,"Physicians Total Care, Inc.",64.15349,3622.685
250,kirkland signature cold,Costco Wholesale Company,92.80115,2446.524
251,Fluoxetine,NorthStar RxLLC,30.31492,2771.605
252,ESIKA HD COLOR HIGH DEFINITION COLOR SPF 20,Ventura Corporation LTD,73.12145,5894.644
253,"Pollens - Trees, Sycamore, American (Eastern) Platanus occidentallis",Jubilant HollisterStier LLC,66.81272,2262.058
254,ZONISAMIDE,DIRECT RX,89.89459,2440.864
255,Hand Sanitizer,Wal-Mart Stores Inc.,86.12602,1818.712
256,White Birch,"Nelco Laboratories, Inc.",6.39025,2556.287
257,Allergena,"Meditrend, Inc. DBA Progena Professional Formulations",71.64491,3515.257
258,,Clinical Solutions Wholesale,63.30362,3937.097
259,HEB,HEB,40.913,7847.272
260,Kogenate FS,Bayer HealthCare LLC,12.6073,6159.355
261,ALMOST MAKEUP,CLINIQUE LABORATORIES INC,84.6547,3593.16
262,healthy accents ibuprofen,DZA Brands LLC,34.11059,3837.476
263,ANTACID,Kinray Inc.,26.65556,4167.71
264,Multi Flower,"Energique, Inc.",62.59035,4365.461
265,Saline Enema,Dynarex Corporation,23.72504,4176.387
266,Doxycycline Hyclate,Heritage Pharmaceuticals Inc.,54.43373,1242.378
267,Doxercalciferol,"Roxane Laboratories, Inc.",38.54763,5211.491
268,medroxyprogesterone acetate,"PD-Rx Pharmaceuticals, Inc.",52.96151,5009.405
269,METAXALONE,STAT Rx USA LLC,26.82597,2070.083
270,Utah Juniper,"Nelco Laboratories, Inc.",48.23628,2648.401
271,FRESH SPLASH SCENTED HAND SANITIZER,"Greenbrier International, Inc.",54.20629,3050.995
272,Mirtazapine,Aurolife Pharma LLC,80.79694,2122.049
273,Cyclosporine,"Eon Labs, Inc.",67.17665,832.763
274,Citalopram Hydrobromide,State of Florida DOH Central Pharmacy,3.60917,6447.094
275,Amlodipine and Benazepril Hydrochloride,Aurobindo Pharma Limited,30.76774,842.075
276,Garnier Skin Renew Miracle Skin Perfector AntiAging BB Broad Spectrum SPF 15 Sunscreen,L'Oreal USA Products Inc,55.54662,4767.383
277,VISIBLE DIFFERENCE MULTI TARGETED BB CREAM BROAD SPECTRUM SUNSCREEN SPF 30 SHADE 1,"Elizabeth Arden, Inc",55.64898,1660.927
278,Avon Sun Sport,"Avon Products, Inc",31.02609,2618.383
279,AFRICA BIRD HOMME ALL IN ONE FRESH CONTROLLER,"NATURE REPUBLIC CO., LTD.",68.08893,4881.698
280,Coffea Cruda Kit Refill,Washington Homeopathic Products,78.21563,2694.095
281,Nalbuphine Hydrochloride,"Hospira, Inc.",35.77988,4483.234
282,Red Mulberry,"Nelco Laboratories, Inc.",43.6397,954.665
283,HAWAIIAN TROPIC,Energizer Personal Care LLC,55.55869,7636.42
284,Ciprofloxacin,Legacy Pharmaceutical Packaging,19.99288,6934.822
285,Australian Gold,"Prime Packaging, Inc.",18.35115,6756.602
286,Mark 3,"Cargus International, Inc.",90.03335,5050.202
287,White Poplar Pollen,"Allermed Laboratories, Inc.",64.52174,1411.605
288,ASACOL,Lake Erie Medical & Surgical Supply DBA Quality Care Products LLC,8.83305,3992.663
289,SAFEWAY CARE,SAFEWAY INC,4.49954,6404.647
290,Propranolol Hydrochloride,American Health Packaging,44.97328,1204.993
291,Topcare All Day Pain Relief,Topco Associates LLC,54.68357,4174.838
292,Gas Relief,Rugby Laboratories Inc.,44.3557,2299.854
293,Loris BZK,LernaPharm Loris Inc.,88.66013,7787.693
294,Dehydrated Alcohol,Major Pharmaceuticals,3.21877,2136.853
295,Tamsulosin Hydrochloride,American Health Packaging,6.99226,2389.514
296,SHISEIDO PERFECT REFINING FOUNDATION,SHISEIDO AMERICA INC.,4.96239,2801.379
297,Xodol,Rebel Distributors Corp,1.8356,1600.224
298,METOZOLV,"Salix Pharmaceuticals, Inc.",43.78998,5673.455
299,Naproxen,,78.51724,1024.022
300,Cabbage,"Nelco Laboratories, Inc.",58.46518,3055.473
301,ULTRAM ER,Rebel Distributors Corp,7.2953,4987.187
302,Heartburn Relief,Meijer Distribution Inc,4.52719,5348.927
303,Mitomycin,Accord Healthcare Inc,25.38296,5540.782
304,Reed Therapeutics Pain Relieving Therapy,Reed Therapeutics,53.37387,6727.363
305,Lamotrigine,Torrent Pharmaceuticals Limited,90.46649,6036.527
306,Mint and Aloe Antibacterial Foaming Hand Wash,"SJ Creations, Inc.",47.15241,2823.463
307,TUMS,GlaxoSmithKline Consumer Heathcare LP,75.63003,7795.102
308,Risperidone,Heritage Pharmaceuticals Inc.,6.90944,4590.171
309,Quetiapine fumarate,Sun Pharma Global FZE,77.01851,4262.574
310,rea lo 40,Crown Laboratories,23.07522,2044.354
311,Kiehls Since 1851 Activated Sun Protector Broad Spectrum SPF 30 Sunscreen for Body,L'Oreal USA Products Inc,76.2754,1335.692
312,Dexamethasone,ECR Pharmaceuticals,64.20089,4086.283
313,ENTSOL,"PharmaDerm, A division of Fougera Pharmaceuticals Inc.",45.85807,5997.526
314,Pertussis,"Deseret Biologicals, Inc.",33.57241,1506.226
315,Danazol,"AvKARE, Inc.",83.93449,4468.738
316,Crest plus Scope and extra whitening,The Procter & Gamble Manufacturing Company,73.89581,5137.438
317,Help I Have a Stuffy Nose,"Help Remedies, Inc.",64.79964,3996.068
318,SILICEA,Remedy Makers,9.49792,5292.641
319,Revlimid,Celgene Corporation,36.93212,5115.137
320,,"FRED'S, INC.",28.15943,4358.604
321,Nifedipine,"Physicians Total Care, Inc.",27.50848,3415.542
322,Health-Stat Foam,Triad Group,3.63893,3709.215
323,LipCoTZ,"Fallien Cosmeceuticals, LTD.",43.05789,2857.33
324,Mustard Seed,"Antigen Laboratories, Inc.",57.89719,1725.985
325,MATTE MOISTURE TINT SUNSCREEN BROAD SPECTRUM SPF 15,Jouer Cosmetics LLC,31.3133,2986.151
326,Rasuvo,"Medac Pharma, Inc",39.50094,4162.402
327,Oak Mixture,"Antigen Laboratories, Inc.",10.0497,2329.485
328,Glyburide,Legacy Pharmaceutical Packaging,63.93432,1092.752
329,Nitroglycerin,"PD-Rx Pharmaceuticals, Inc.",77.85431,4995.179
330,Carbogen,"WestAir Gases and Equipment, Inc.",83.49498,2508.219
331,Capture Totale Radiance Restoring Serum Foundation SPF 15 030,Parfums Christian Dior,45.08594,6103.624
332,LEVOFLOXACIN,Cardinal Health,76.27194,5670.172
333,Xylocaine,"APP Pharmaceuticals, LLC",54.73741,7748.191
334,SudoGest,Major Pharmaceuticals,49.90863,6170.242
335,7 Select Migraine Formula,7-Eleven,59.44759,7191.474
336,TRAMADOL HYDROCHLORIDE,"Patriot Pharmaceuticals, LLC",39.59209,3432.195
337,Shelter,"Philosophy, Inc.",91.67357,3750.049
338,LAMICTAL,GlaxoSmithKline LLC,20.66199,1188.688
339,Saltbush,"Nelco Laboratories, Inc.",66.55094,2676.087
340,Ropinirole,Carilion Materials Management,24.73168,3740.539
341,Good Sense Mucus Relief,L. Perrigo Company,89.35722,4013.606
342,Day Time,Premier Value,14.9507,6384.347
343,CareOne Pain Relief,American Sales Company,51.77288,950.784
344,infants pain and fever,CVS Pharmacy,84.23317,1769.888
345,Mepivacaine,Benco Dental,89.83694,4201.468
346,Meijer Elements Long-Lasting Oil-Free,Meijer Distribution Inc.,6.9704,3098.377
347,ISA KNOX AGELESS MOIST SERUM TWO WAY CAKE 21 (REFILL),"LG Household and Healthcare, Inc.",61.22681,3426.601
348,Flo-Pred,"Taro Pharmaceuticals U.S.A., Inc.",24.3896,5122.989
349,Duloxetine Hydrochloride,Alembic Pharmaceuticals Limited,62.76689,3185.376
350,Dicyclomine Hydrochloride,"NCS HealthCare of KY, Inc dba Vangard Labs",22.63308,7810.279
351,ORAGESIC Oral Pain Reliever,Parnell Pharmaceuticals Inc,25.89992,7719.042
352,Oxycodone Hydrochloride and Acetaminophen,STAT Rx USA LLC,69.3632,5733.726
353,Ibuprofen,"EQUATE (Walmart Stores, Inc.)",61.79249,6941.536
354,NightTime Cold and Flu,Velocity Pharma,11.69876,1520.243
355,GLUCOPHAGE,Bristol-Myers Squibb Company,36.81461,5355.075
356,Viagra,Pfizer Laboratories Div Pfizer Inc,51.19317,4198.816
357,Amoxicillin,West-Ward Pharmaceutical Corp,21.48461,7957.678
358,Iodine Bush,"Nelco Laboratories, Inc.",36.12839,7949.477
359,Metformin Hydrochloride,Heritage Pharmaceuticals Inc.,55.19233,2365.049
360,Warfarin Sodium,Bryant Ranch Prepack,16.40853,1568.166
361,Oraverse,,7.75962,5189.185
362,Dextromethorphan Hydrobromide and Promethazine Hydrochloride,Atlantic Biologicals Corps,23.91652,2697.322
363,OHUI SUN SCIENCE Perfect Sunblock black EX plus,"LG Household and Healthcare, Inc.",13.42211,5509.122
364,Dr. Cocoa Daytime Cough and Cold,"Pernix Therapeutics, LLC",82.66837,5936.98
365,Methylphenidate Hydrochloride,"Unither Manufacturing, LLC",29.61339,2579.574
366,Sunmark fiber laxative,McKesson,60.14603,5042.709
367,Vertra SPF 35 Foundation Sunscreen Face Natural Beige,"Vertra, Inc",23.54751,4048.558
368,"Standardized Mite, Dermatophagoides farinae, Bulk, 10000 AU per mL",Jubilant HollisterStier LLC,86.63769,6995.61
369,BERRY BABY LIP BALM VIOLET BERRY,"NATURE REPUBLIC CO., LTD.",82.05449,5428.228
370,Assured Instant Hand Sanitizer Spray,"Greenbrier International, Inc.",90.65305,1745.126
371,Clarithromycin,REMEDYREPACK INC.,48.84113,1092.839
372,Glucotrol,Roerig,15.06123,4911.619
373,Solbar Thirty SPF 30,Person and Covey,75.00711,2907.383
374,Kids Travel Sickness,KEYSUN PTY. LIMITED Also Traded as KEYSUN LABORATORIES,33.38222,7928.896
375,IBU,Lake Erie Medical DBA Quality Care Products LLC,7.69948,5512.747
376,HYDROCODONE BITARTRATE AND ACETAMINOPHEN,"Mallinckrodt, Inc.",31.17722,1551.49
377,Colgate,"Colgate Oral Pharmaceuticals, Inc.",92.1081,2226.946
378,Oxygen,COPD-LLC Respiratory Services,60.3825,7134.068
379,Miconazole 1,Meijer Distribution Inc,35.3801,820.274
380,Salsalate,Marlex Pharmaceuticals Inc,48.55801,1650.587
381,Stendra,"VIVUS, Inc.",24.13005,6739.0
382,Axe,Conopco Inc. d/b/a Unilever,50.35661,3292.271
383,Organix Complete,"ProPhase Labs, Inc.",37.89744,6934.143
384,ADVENTURE MEDICAL KITS 1 PERSON FIRST AID,Tender Corp dba Adventure Medical Kits,67.64123,4788.905
385,Degree,Conopco Inc. d/b/a Unilever,5.61034,4046.988
386,Levofloxacin,Proficient Rx,14.76773,3338.387
387,Amlodipine and Benazepril Hydrochloride,Mylan Pharmaceuticals Inc.,24.04432,4943.826
388,DayTime Nite Time,Kroger Company,30.35418,4580.271
389,enMotion High Frequency Antimicrobial Foam Handwash,Georgia-Pacific Consumer Products LP,38.97901,3031.453
390,Fears and Nightmares,King Bio Inc.,27.46304,1222.696
391,Pleo Sanuvis,Sanum Kehlbeck GmbH & Co. KG,55.69615,5549.349
392,Motion Sickness,Hyland's,68.53525,4955.008
393,PDI Alcohol Prep Pad,"Profesional Disposables International, Inc.",13.01022,2028.229
394,flormar PERFECT COVERAGE FOUNDATION SUNSCREEN BROAD SPECTRUM SPF 15 102 Soft Beige,Kosan Kozmetik Sanayi ve Ticaret A.S.,64.98776,4996.121
395,Vitamin A and D,"H and P Industries, Inc. dba Triad Group",63.28552,2102.475
396,LBEL COULEUR LUXE AMPLIFIER XP,Ventura International LTD.,17.0438,7081.072
397,Naturals Cucumber and Melon,"Avon Products, Inc.",91.7144,2714.118
398,Ortho-Novum,"Janssen Pharmaceuticals, Inc.",54.19926,6624.61
399,CLARUS Antifungal,Clinical Therapeutic Solutions,5.58205,1147.322
400,Diphenoxylate Hydrochloride and Atropine Sulfate,"PD-Rx Pharmaceuticals, Inc.",78.18119,2963.258
401,Zaditor,Novartis Pharmaceuticals Corporation,50.07955,1703.34
402,Multi Symptom Cold Relief CF,"Safeway, Inc.",9.78255,7137.659
403,Fruit of the Earth Aloe Vera Cool Blue,"Fruit of the Earth, Inc.",92.88911,6728.298
404,METOPROLOL SUCCINATE,Cardinal Health,85.65426,1086.281
405,Quazepam,Unit Dose Services,38.53367,5490.308
406,Hydrocodone Bitartrate And Acetaminophen,"Dispensing Solutions, Inc.",45.54499,895.026
407,CAVIA PORCELLUS SKIN,"ALK-Abello, Inc.",76.06399,4812.534
408,Concealing Spot Treatment,"Dermalogica, Inc.",44.05759,980.019
409,Topiramate,"Golden State Medical Supply, Inc.",10.42892,7044.748
410,Triamterene and Hydrochlorothiazide,Lake Erie Medical DBA Quality Care Products LLC,4.62458,1439.481
411,Ondansetron,Cardinal Health,70.96595,1727.704
412,STAVZOR,"Noven Therapeutics, LLC",40.79694,5250.759
413,Suave,Conopco Inc. d/b/a Unilever,73.40716,6798.187
414,CLADOSPORIUM SPHAEROSPERMUM,"ALK-Abello, Inc.",84.168,1535.437
415,Pineal-Pituitary,"True Botanica, LLC",39.99595,5296.737
416,Metformin Hydrochloride,"Aphena Pharma Solutions - Tennessee, LLC",72.29568,5948.665
417,,Rite Aid,31.41477,6949.416
418,dextroamphetamine sulfate,"Actavis Pharma, Inc.",93.3115,1084.782
419,Disney PIXAR Monsters University Antibacterial Hand Wipes,"Bolero Home Decor, Inc.",91.41767,5376.067
420,NUVIGIL,STAT Rx USA LLC,41.76009,7747.179
421,Theophylline,REMEDYREPACK INC.,10.43022,1536.377
422,Cold-EEZE,"ProPhase Labs, Inc.",31.50462,4950.01
423,Arm and Hammer Orajel Sensitive,"Church & Dwight Co., Inc.",58.93931,5560.993
424,XtraCare Antibacterial Hand Cleanse,"Rejoice International, Inc.",28.80074,4246.555
425,Sleep Aid,TOP CARE (Topco Associates LLC),14.2696,7075.266
426,Cocklebur,"Antigen Laboratories, Inc.",2.00151,6270.523
427,Head and Shoulders Conditioner,Procter & Gamble Manufacturing Co,86.07216,1744.616
428,Oxygen,"Dressel Welding Supply, Inc.",12.53855,907.643
429,ControlRx,,42.2185,2449.299
430,Zodryl AC 40,"CodaDose, Inc.",69.04099,6946.647
431,Antacid Antigas Maximum Strength,CVS,83.68953,7363.946
432,GLONOINUM,HOMEOLAB USA INC.,38.08506,6838.415
433,Norvasc,Pfizer Laboratories Div Pfizer Inc,16.33921,7461.736
434,FREDS DRY EYE RELIEF,"HANLIM PHARM. CO., LTD.",5.72208,6242.026
435,Antibacterial Foaming Hand Sanitizer,"Jets, Sets, & Elephants Beauty Corp.",93.46502,7103.521
436,Simple Saline plus Childrens,"Church & Dwight Co., Inc.",11.99698,864.064
437,Teacher Collection Anti Bacterial,"GANZ U.S.A., LLC",29.31286,2501.118
438,Olive Pollen,"Nelco Laboratories, Inc.",56.11954,6908.289
439,ESIKA,,30.15235,858.618
440,Naproxen,,39.58597,3992.446
441,COSOPT,Merck Sharp & Dohme Corp.,89.83483,6438.93
442,SENSAI FLUID FINISH LASTING VELVET FV206,KANEBO COSMETICS INC,86.79932,1299.512
443,Clear Skin Acne Treatment,Isomers Laboratories Inc.,15.58035,7452.19
444,Buspirone Hydrochloride,Strides Arcolab Limited,23.42976,3201.505
445,leader nasal,Cardinal Health,52.0305,6192.98
446,CVS pharmacy,CVS pharmacy,30.04457,1744.123
447,TUSSIN CF NIGHTTIME COUGH and COLD,CVS Pharmacy,61.78944,5157.487
448,Zithromax,Cardinal Health,77.50317,4153.542
449,SENSAI FLUID FINISH FF206,KANEBO COSMETICS INC,44.42079,4483.437
450,Naturasil,"Nature's Innovation, Inc.",62.41323,1526.843
451,Neutrogena Clear Face Break-Out Free Sunscreen,Neutrogena Corporation,94.99402,5138.543
452,Ray Defense Borad Spectrum SPF 30 sunscreen,"Bioelements, Inc.",75.59938,1068.496
453,FOSINOPRIL Na,Apotex Corp.,33.94362,4124.677
454,Losartan Potassium,NorthStar Rx LLC,65.09283,2669.406
455,TRAMADOL HYDROCHLORIDE,Par Pharmaceutical Inc.,3.36499,6787.182
456,Healthy Accents Cold and Flu,DZA Brands LLC,54.07135,3959.929
457,PNEUMOPLEX,"BioActive Nutritional, Inc.",29.17201,6672.75
458,SUPER ORIGIN COLLAGEN BB,"NATURE REPUBLIC CO., LTD.",32.93937,6455.554
459,No7 Time Resisting Day Cream Sunscreen SPF 12,Boots Retail USA Inc,69.73029,5494.119
460,Effervescent Cold Relief,Tower Laboratories Ltd,50.84261,4270.02
461,MERREM,AstraZeneca Pharmaceuticals LP,10.1455,6536.343
462,Tussin DM,QUALITY CHOICE (Chain Drug Marketing Association),90.12656,4509.469
463,GENUINE FIRST AID Emergency Preparedness Contains 167 Pieces,Genuine First Aid LLC,24.85566,4299.534
464,AVINZA,Pfizer Laboratories Div Pfizer Inc,70.31458,2304.466
465,Treatment Set TS329678,"Antigen Laboratories, Inc.",49.91212,3852.041
466,Visine,"Johnson & Johnson Healthcare Products Inc., Division of McNEIL-PPC, Inc.",32.36391,1074.49
467,COMBIVIR,REMEDYREPACK INC.,52.05807,7826.347
468,Robitussin Maximum Strength Cough Plus Chest Congestion DM,Richmond Division of Wyeth,61.46873,2080.281
469,Pleo Ut S,Sanum Kehlbeck GmbH & Co. KG,73.3028,1373.473
470,Max Revive,"Albert Max, Inc.",77.18231,3136.291
471,Carvedilol,Aidarex Pharmaceuticals LLC,23.02624,3547.729
472,Homeopathic Eye Strain,Indiana Botanic Gardens,24.06753,7122.577
473,members mark nicotine,Sam's West Inc,62.82597,7100.343
474,BLATELLA GERMANICA,"ALK-Abello, Inc.",40.12413,4635.946
475,Rizatriptan Benzoate,Apotex Corp,15.29294,5910.75
476,Awake,WALGREEN CO.,30.44397,2103.725
477,OMNISCAN,GE Healthcare Inc.,38.55685,2238.686
478,Levothyroxine sodium,Sandoz Inc.,18.30502,1873.224
479,Argentum 5,Uriel Pharmacy Inc.,76.12361,4090.973
480,Velvet Grass,"Nelco Laboratories, Inc.",5.87221,6258.629
481,DERMAGUNGAL,"DermaRite industries, LLC",82.25494,2518.083
482,Hydrocodone Bitartrate and Acetaminophen,Aurolife Pharma LLC,11.48558,2013.192
483,Nucynta,"Janssen Pharmaceuticals, Inc.",45.8116,1590.389
484,Blue Lizard Sensitive Sunscreen,Crown Laboratories,89.75203,7018.022
485,Metoprolol Tartrate,American Health Packaging,92.57756,6791.923
486,Body Raves Antibacterial Hand Sanitizer - Lavender Vanilla,Enchante Accessories,67.56405,2664.995
487,THROMBIN-JMI,Pfizer Laboratories Div Pfizer Inc,20.17891,7757.426
488,Mirapex,"Boehringer Ingelheim Pharmaceuticals, Inc.",47.47482,2973.174
489,Procainamide Hydrochloride,Cardinal Health,94.76085,5648.228
490,LISINOPRIL AND HYDROCHLOROTHIAZIDE,Bryant Ranch Prepack,47.25063,2428.306
491,Valproic Acid,"NCS HealthCare of KY, Inc dba Vangard Labs",7.48189,3992.08
492,Levonorgestrel,"Pharmacist Pharmaceutical, LLC",5.55241,7880.684
493,Freshmint Premium Anticavity,"New World Imports, Inc",77.65865,7020.716
494,Calcium antacid,Sunmark,79.13044,7486.799
495,sunmark ibuprofen,McKesson,86.04448,3749.606
496,Benztropine Mesylate,"Bayshore Pharmaceuticals, LLC",60.3186,4436.834
497,SmartRx Natural Pain Relief Sleeve BACK,"Niche Brands, Inc.",39.51014,5068.96
498,Anew Reversalist,"Avon Products, Inc",33.28718,5504.164
499,"COMPRESSED GAS, OXIDIZING, N.O.S.","Medical-Technical Gases, Inc.",28.44366,6066.233
500,Olanzapine,Major Pharmaceuticals,14.94064,1241.062
501,Homeopathic Womens Libido,Indiana Botanic Gardens,45.26644,4539.774
502,Fycompa,Eisai Inc.,33.36174,6600.93
503,Chicken Meat,"Nelco Laboratories, Inc.",84.14968,5391.86
504,tramadol hydrochloride,Aidarex Pharmaceuticals LLC,31.07494,5119.596
505,Leucovorin Calcium,Barr Laboratories Inc.,72.11851,3937.523
506,LBEL EFFET PARFAIT MINERAL NATURAL SKIN EFFECT MOUSSE FOUNDATION SPF 16,Ventura International LTD,51.87892,6034.843
507,Naproxen,"Aphena Pharma Solutions - Tennessee, LLC",25.27712,2670.047
508,Chillax,Home Sweet Homeopathics,90.39261,4016.543
509,Cuvposa,"Merz Pharmaceuticals, LLC",11.27648,6847.175
510,BIOCENCE,Bio-Germ Protection LLC,87.39618,1495.926
511,Mirtazapine,Aurolife Pharma LLC,52.61224,7133.94
512,MELOXICAM,Cipla Limited,2.07018,1561.584
513,Neoral,Novartis Pharmaceuticals Corporation,28.62425,4048.251
514,Anectine,Sandoz Inc,14.8091,5029.672
515,Magnacet,Shionogi Inc,37.11875,4905.311
516,PENICILLIN G POTASSIUM,Baxter Healthcare Corporation,24.01237,7454.989
517,Dr. Babor Purity Cellular Ultimate Blemish Reducing Duo,"Babor Cosmetics America, Corp.",14.81133,4586.073
518,Denti-Care Denti-Freeze,AR Medicom Inc,78.77465,1547.987
519,Tobramycin,"Fresenius Kabi USA, LLC",17.454,6704.498
520,TRANZGEL,Unit Dose Services,88.79732,3618.511
521,DIPHENHYDRAMINE HYDROCHLORIDE,"Humanwell PuraCap Pharmaceutical (Wuhan), Ltd.",3.50846,7360.198
522,CareOne Cough DM,American Sales Company,50.50332,7349.99
523,DiBromm,Fred's,22.99008,7343.06
524,Promethazine Hydrochloride,BluePoint Laboratories,9.15018,6185.035
525,NAPROXEN,REMEDYREPACK INC.,23.99901,1609.101
526,Allopurinol,Mylan Pharmaceuticals Inc.,65.94645,4936.719
527,Sugar Free Refreshing Mint Fishermans Friend Menthol Cough Suppressant,"Lofthouse of Fleetwood, Ltd.",22.17514,7276.462
528,MBM 7 Lung Grief,Apotheca Company,10.30479,1103.34
529,Meperidine Hydrochloride,Barr Laboratories Inc.,59.97847,1466.944
530,Triamterene hydrochlorothiazide,KAISER FOUNDATION HOSPITALS,2.12051,1515.924
531,Venlafaxine Hydrochloride,"PD-Rx Pharmaceuticals, Inc.",72.76785,2824.016
532,OxyContin,Bryant Ranch Prepack,58.17494,7899.959
533,Rouge Dior 910 Mocha Serum,Parfums Christian Dior,3.82721,6243.091
534,ERYTHROMYCIN,Direct Rx,50.15241,7582.596
535,Rite Aid Instant Hand Sanitizer,Rite Aid Corporation,15.42372,1081.708
536,HYDROCODONE BITARTRATE AND ACETAMINOPHEN,McKesson Contract Packaging,56.51819,7133.104
537,triamcinolone acetonide,A-S Medication Solutions LLC,72.38004,5273.603
538,,"Medimetriks Pharmaceuticals, Inc.",86.18796,4805.497
539,Alcohol Prep Pad,"Jiangsu Province JianErKang Medical Dressing Co. ,Ltd.",80.2003,6449.346
540,CENTER-AL - BROMUS INERMIS POLLEN,"ALK-Abello, Inc.",54.50986,6444.187
541,Venlafaxine Hydrochloride,Kremers Urban Pharmaceuticals Inc.,21.95667,7685.762
542,Alprazolam,Apotex Corp,7.01324,1219.438
543,Aviane,Barr Laboratories Inc.,47.35369,3259.442
544,Morphine Sulfate,Cantrell Drug Company,64.3119,5479.083
545,Cetirizine Hydrochloride,REMEDYREPACK INC.,15.95964,4124.612
546,Clearasil Daily Clear,Reckitt Benckiser LLC,85.28038,5752.455
547,OZ TREE,OZ SOAP TREE,78.37536,4044.748
548,PENTOXIFYLLINE,Aidarex Pharmaceuticals LLC,21.79086,5792.978
549,Cefdinir,DAVA Pharmaceuticals Inc,87.06241,2104.972
550,Chlorhexidine Gluconate,Cardinal Health,56.68653,5106.74
551,Nail MD,"OMG Medical Group, LLC",14.43907,2019.642
552,Turkey,"Nelco Laboratories, Inc.",34.96836,1214.686
553,Sotalol Hydrochloride,Qualitest Pharmaceuticals,9.84367,7634.251
554,Sterile Water,"General Injectables & Vaccines, Inc",49.84621,6768.307
555,MERREM,AstraZeneca Pharmaceuticals LP,67.63448,6461.68
556,Miracle Rub,Winning Solutions,44.46683,4533.435
557,Ultane,AbbVie Inc.,94.05667,7724.66
558,Chinese Elm,"Nelco Laboratories, Inc.",92.30941,3889.016
559,HYDROCODONE BITARTRATE AND ACETAMINOPHEN,A-S Medication Solutions LLC,92.06591,3667.365
560,Ampicillin and Sulbactam,Baxter Healthcare Corporation,48.15471,6117.165
561,"Animal Allergens, Feather Mix",Jubilant HollisterStier LLC,48.43599,7245.167
562,Tretinoin,"OMP, INC.",14.70558,5859.636
563,Lamotrigine,Cadila Healthcare Limited,86.76774,3667.774
564,Amlodipine,Macleods Pharmaceuticals Limited,84.76995,5110.676
565,Black Oak,"Nelco Laboratories, Inc.",60.15585,1531.062
566,Ranitidine,Chain Drug Marketing Association Inc.,89.55183,2497.092
567,CANDIDA ALBICANS,"ALK-Abello, Inc.",73.14075,4656.773
568,ADVANCED CELL BOOSTING EX FLUID,"NATURE REPUBLIC CO., LTD.",74.32912,6549.462
569,Cyclobenzaprine Hydrochloride,REMEDYREPACK INC.,16.55974,2860.044
570,Oxygen,Kern Medical Inc dba DASCO Home Medical Equipment,15.62319,2549.033
571,Mercurius vivus 8,Uriel Pharmacy Inc.,8.91623,6910.19
572,Multi Vitamin with Fluoride,Qualitest Pharmaceuticals,18.48644,2710.886
573,Hand Sanitizer,DZA Brands LLC,26.30923,1127.7
574,COUGH AND COLD RELIEF,HOMEOLAB USA INC.,13.76438,2052.024
575,Desmopressin Acetate,American Health Packaging,34.87817,6695.113
576,Your Logo Here Burn First Aid,"Dixon Investments, Inc.",48.74594,1562.658
577,Tincture Green Soap,Medical Chemical Corporation,89.73933,6151.36
578,DDF,Procter & Gamble Manufacturing Co.,79.52491,5124.134
579,Potassium Citrate,"Physicians Total Care, Inc.",34.05404,4210.36
580,Progesterone,Teva Pharmaceuticals USA Inc,66.22648,1202.847
581,Doxycycline Hyclate,Chartwell Governmental and Specialty RX LLC,45.87902,7056.102
582,OXYGEN,"Indiana Oxygen Company, Inc.",45.13778,1239.236
583,Slash Pine,"Nelco Laboratories, Inc.",69.87051,1756.265
584,Anagallis Taraxacum,Uriel Pharmacy Inc.,1.72772,6424.86
585,Walgreens First Aid Antiseptic,Walgreens,71.25198,2745.185
586,sotalol hydrochloride,"Physicians Total Care, Inc.",93.49656,3543.282
587,,"SDA Laboratories, Inc.",94.33231,4226.839
588,Common Sagebrush,"Nelco Laboratories, Inc.",50.5063,6176.386
589,Jafra,JAFRA COSMETICS INTERNATIONAL,6.38194,7292.072
590,Head and Shoulders,Procter & Gamble Manufacturing Co.,15.88392,6028.641
591,Australian Gold,"Prime Enterprises, Inc.",25.53112,1678.458
592,Pristiq Extended-Release,"PD-Rx Pharmaceuticals, Inc.",49.65873,3194.16
593,Suave,Conopco Inc. d/b/a Unilever,13.73463,1236.171
594,PROVENCE FOUNDATION,"NATURE REPUBLIC CO., LTD.",16.34851,3154.305
595,Pure Force,Ecolab Inc.,76.37161,4205.513
596,FENTANYL CITRATE,Mallinckrodt Inc.,88.49452,1982.386
597,Halls,Mondelez Global LLC,44.49962,7066.402
598,PENNSAID,"Mallinckrodt, Inc",20.53029,6679.493
599,PETROLATUM and LANOLIN,RiteAid,25.49384,6391.035
600,MORPHINE SULFATE,Lake Erie Medical Surgical & Supply DBA Quality Care Products LLC,8.80158,6292.064
601,Medrox,Lake Erie Medical DBA Quality Care Products LLC,52.23852,5482.937
602,SunZone Family SPF 30,Empack Spraytech Inc,21.74782,1724.905
603,ARANESP,Amgen Inc,23.15675,5757.345
604,Prednisone,REMEDYREPACK INC.,1.76247,5129.43
605,Softlips Pure Tint,The Mentholatum Company,43.94895,3474.665
606,Ceramide Lift And Firm Makeup Broad Spectrum Sunscreen SPF 15 Warm Honey,"Elizabeth Arden, Inc",68.81719,5779.516
607,Pleo Poly G,Sanum Kehlbeck GmbH & Co. KG,39.42369,1054.71
608,Pure Foam,"Phoenix Research Industries, Inc.",52.47077,7067.024
609,SUPER AQUA MAX DEEP MOISTURE SLEEPING PACK,"NATURE REPUBLIC CO., LTD.",92.03462,7358.307
610,,Target Corporation,14.46512,1241.495
611,Warm Sap Patch,KJI Industrial Co Ltd,21.51308,2750.222
612,,Jubilant HollisterStier LLC,85.48436,849.433
613,Go Smile,"Go Smile, Inc.",47.0611,1867.023
614,Phenytoin,Actavis Mid Atlantic LLC,7.15852,7511.362
615,Nystatin,"H.J. Harkins Company, Inc.",91.38248,1383.464
616,Theophylline in Dextrose,"Hospira, Inc.",65.89001,5899.432
617,Solar Sense Clear Zinc Body SPF 50,"CCA Industries, Inc",77.37349,2898.091
618,Oxygen,Advantage Home Medical LLC,49.46311,3516.633
619,Mucus Releif,,76.62834,2921.225
620,Mucus Releif,"Good Sense (Geiss, Destin & Dunn, Inc.)",91.90213,7672.891
621,Soothe Long Lasting,Bausch & Lomb Incorporated,28.62548,1922.828
622,,"CVS Pharmacy, Inc.",39.27951,3343.224
623,Tretinoin,Rouses Point Pharm,22.82767,3895.93
624,ITALIAN RYEGRASS POLLEN,"Allergy Laboratories, Inc.",37.19835,2318.673
625,Easy to break-off cleaning and disinfecting swabstick JJB-I,"Longood Medicine (Beijing) Co., Ltd.",1.02425,3390.055
626,PHENYTOIN SODIUM,"Upsher-Smith Laboratories, Inc.",8.21173,3921.764
627,Medique Diotame,Unifirst First Aid Corporation,39.08905,7936.827
628,Sotalol Hydrochloride,Qualitest Pharmaceuticals,81.0877,6872.166
629,Wart Remover Liquid,Premier Brands of America Inc.,29.72644,809.106
630,Clam,"Nelco Laboratories, Inc.",54.67839,1136.8
631,Equate Suphedrine PE,Wal-Mart Stores Inc,39.99805,6820.887
632,Gabapentin,Aidarex Pharmaceuticals LLC,40.92972,7374.983
633,DermaCen Antimicrobial-T Hand,Central Solutions Inc,32.07776,5724.442
634,Cucumber Melon Scented Hand Sanitizer,Greenbrier International,29.09893,7723.612
635,Nadolol,Greenstone LLC,69.46778,4868.998
636,Mesalamine,Prasco Laboratories,66.89967,1836.789
637,Oxygen,"Homeside Healthcare, Inc.",25.72312,6195.94
638,CEFTRIAXONE,REMEDYREPACK INC.,73.29863,5696.474
639,Oxygen,Covenant Home Medical,56.58017,7102.809
640,Sore Throat Relief,"Western Family Foods, Inc.",60.01654,5741.973
641,Budesonide,Teva Pharmaceuticals USA Inc,15.59627,6269.946
642,Haloperidol,State of Florida DOH Central Pharmacy,58.98526,5055.456
643,3M Avagard,3M Health Care,36.01131,7449.448
644,PHENYLEPHRINE HYDROCHLORIDE,Aditya Labs Inc,75.71908,4745.828
645,Proparacaine Hydrochloride,"Preferred Pharmaceuticals, Inc.",82.08343,6717.979
646,CLARINS Broad Spectrum SPF 15 Everlasting Foundation Tint 105,Laboratoires Clarins S.A.,81.89469,968.311
647,"Alka-Seltzer Plus Day Severe Cold, Cough And Flu",Bayer HealthCare LLC - Consumer Care,38.51567,5034.675
648,Dexamethasone,Par Pharmaceutical Inc.,47.97657,1993.014
649,METFORMIN HYDROCHLORIDE,ScieGen Pharmaceuticals Inc,32.35796,6411.824
650,Clobetasol Propionate,"Preferred Pharmaceuticals, Inc.",39.93905,7192.858
651,cephalexin,"MedVantx, Inc.",30.19204,4829.972
652,Ladys Choice Invisible Solid,"Church & Dwight Co., Inc.",52.34152,6625.343
653,NUCYNTA,Lake Erie Medical DBA Quality Care Products LLC,70.70947,7566.809
654,Pre Dental Visit,"Deseret Biologicals, Inc.",66.69298,3070.451
655,Berberis Larix,Uriel Pharmacy Inc.,86.40933,1675.836
656,Garnier Skin Renew Dark Spot Hand Treatment Broad Spectrum SPF 30,L'Oreal USA Products Inc,4.58533,6459.2
657,Ampicillin,Sandoz Inc,49.55344,2802.645
658,Ala Scalp,Crown Laboratories,64.50154,3150.608
659,QUALITY CHOICE TRIPLE ANTIBIOTIC PLUS PAIN RELIEVER,CHAIN DRUG MARKETING ASSOCIATION INC,48.7572,6629.193
660,,Apotheca Company,89.95582,953.966
661,oxacillin,AGILA SPECIALTIES PRIVATE LIMITED,20.84452,5876.853
662,Morphine Sulfate,"Hospira, Inc.",80.79446,4864.561
663,Anticavity,Your Military Exchanges,43.27918,5146.358
664,Viread,"Gilead Sciences, Inc.",51.14191,818.945
665,,"Hutchinson Healthcare Services, Inc. dba Health-E-Quip",10.63394,1763.529
666,HYPERICUM PERFORATUM,Remedy Makers,60.22083,3761.473
667,Russian Olive,"Nelco Laboratories, Inc.",19.01281,3473.264
668,Lorazepam,"Hospira, Inc.",31.26423,4102.014
669,Minoxidil,H E B,62.64891,6089.364
670,Lidocaine Hydrochloride,AuroMedics Pharma LLC,93.05165,6395.765
671,Verapamil Hydrochloride,"Aphena Pharma Solutions - Tennessee, LLC",77.96489,5081.001
672,Efudex,Valeant Pharmaceuticals North America LLC,49.19776,2439.273
673,LEADER ADVANCED FORMULA EYE DROPS,"HANLIM PHARM. CO., LTD.",53.62439,6042.732
674,CLE DE PEAU BEAUTE CORRECTING VEIL,SHISEIDO AMERICAS CORPORATION,22.61185,7036.745
675,SHISEIDO FUTURE SOLUTION LX TOTAL RADIANCE FOUNDATION,SHISEIDO AMERICAS CORPORATION,49.51029,7699.774
676,Peptic Relief Cherry,Premier Value,9.50002,7635.74
677,Warfarin Sodium,Camber Pharmaceuticals,83.2499,7728.056
678,Lisinopril and Hydrochlorothiazide,"NCS HealthCare of KY, Inc dba Vangard Labs",78.77818,1646.515
679,healthylax,American Health Packaging,2.02036,7138.234
680,Pumpkin Spice Antibacterial Foaming Hand Wash,"SJ Creations, Inc.",61.26526,855.743
681,Oxymorphone Hydrochloride,"Mallinckrodt, Inc.",63.88342,3450.447
682,Russian Thistle,"Nelco Laboratories, Inc.",20.85383,6214.796
683,Oxacillin,Sagent Pharmaceuticals,46.39461,2546.471
684,Antibacterial Hand Sanitizer,CVS Pharmacy Inc,78.31838,5702.793
685,Carcinosin,"Deseret Biologicals, Inc.",38.01296,6256.168
686,LBEL NATURAL FINISH MOISTURIZING FOUNDATION SPF 25,Ventura Corporation LTD,17.12927,3107.656
687,Silace,"Silarx Pharmaceuticals,Inc",25.89087,3623.877
688,,NPS Pharmaceuticals,58.05258,1177.386
689,Assured CREAMY PETROLEUM JELLY VITAMIN E ENRICHED,GREENBRIER INTERNATIONAL,19.54101,7011.797
690,Ultra Protection stick,Juvena Produits De Beaute GMBH,1.71148,5966.678
691,cold,HyVee Inc,87.99494,4960.899
692,Glipizide,REMEDYREPACK INC.,93.73446,3876.099
693,REBIF,"EMD Serono, Inc.",24.53346,5209.417
694,Imipramine Hydrochloride,"Mutual Pharmaceutical Company, Inc.",9.80244,1468.602
695,Nifedipine,TEVA PHARMACEUTICALS USA,92.86772,5424.864
696,Eucalyptamint,Insight Pharmaceuticals,9.97294,4458.303
697,Citalopram,Rebel Distributors Corp.,59.62608,5335.622
698,Alvesco,Sunovion Pharmaceuticals Inc.,79.42553,7436.291
699,Digoxin,REMEDYREPACK INC.,20.15465,7723.625
700,Neutrogena Healthy Skin Enhancer,Neutrogena Corporation,5.36214,4879.529
701,Night Time Original,Equaline,63.67395,6758.196
702,simvastatin,Lake Erie Medical DBA Quality Care Products LLC,18.35185,3459.964
703,nicotine,Safeway,34.21172,2205.23
704,Folic Acid,Contract Pharmacy Services-PA,14.42332,4567.066
705,Divalproex Sodium,Cadila Healthcare Limited,25.20752,3733.377
706,Allopurinol,,38.39597,1938.283
707,Little Fevers by Little Remedies,Medtech Products Inc.,66.29376,5563.833
708,Lilium Viscum,Uriel Pharmacy Inc.,77.36714,1369.529
709,Quetiapine Fumarate,"Roxane Laboratories, Inc.",20.86233,7563.845
710,Germicida,"Laboratorios Roldan, S.A.",52.26898,3407.406
711,,Microdermis Corporation,38.36625,6064.863
712,Methocarbamol,Cardinal Health,73.90403,3527.282
713,Oxygen,"Sunrise Medical Supply, Inc. dba American Medical Oxygen",62.55523,1141.012
714,Pepcid,"Marathon Pharmaceuticals, LLC",22.81926,2519.197
715,Pain and Fever,Walgreens,67.87066,2592.002
716,Montelukast Sodium,Dr.Reddy's Laboratories Limited,55.08177,5814.27
717,Phenazopyridine Hydrochloride,Lake Erie Medical DBA Quality Care Products LLC,41.69643,5765.055
718,Plum Emergency Eyewash,Bel-Art Products,39.00488,4360.094
719,,Prometheus Laboratories Inc.,84.394,4106.45
720,SENSI-CARE BODY,ConvaTec Inc.,74.35702,6649.264
721,Exuviance CoverBlend Skin Caring Foundation,NeoStrata Company Inc.,64.03079,3050.988
722,Orange Blossom Antibacterial Hand,"SJ Creations, Inc.",49.04589,1891.931
723,Body,"Wal-Mart Stores,Inc",3.39486,2706.208
724,ATORVASTATIN CALCIUM,"PD-Rx Pharmaceuticals, Inc.",4.01496,3000.959
725,SOOTHING AND MOISTURE ALOE VERA 80 PERCENT EMULSION,"NATURE REPUBLIC CO., LTD.",16.96997,7855.567
726,Solarguard MD,"Scarguard Labs, LLC",74.16112,5451.436
727,health mart nicotine,McKesson,36.39719,6777.656
728,Carvedilol,"MedVantx, Inc.",32.73916,6724.371
729,Leader Allergy Relief D-24,Cardinal Health,66.90269,3961.576
730,Ampicillin and Sulbactam,"Hospira, Inc",43.26007,7159.516
731,Anastrozole,American Health Packaging,18.90018,1424.586
732,SENSORCAINE,"Fresenius Kabi USA, LLC",91.99579,2201.655
733,DermaCare,"Apple Products, Inc.",7.78514,5369.519
734,HYDRA LIFE BASE DE TEINT SERUM,Parfums Christian Dior,82.48198,6328.351
735,Lindane,"Morton Grove Pharmaceuticals, Inc.",62.34946,7488.447
736,Tussin DM,Rite Aid,84.22048,6379.655
737,amlodipine besylate,KAISER FOUNDATION HOSPITALS,64.07174,2071.556
738,Hydrocodone Bitartrate And Acetaminophen,American Health Packaging,6.93688,2094.856
739,Smart Sense Childrens Pain Relief,Kmart Corporation,59.20993,2658.759
740,Acne HP,"Natural Creations, Inc.",56.00792,3134.662
741,Phineas and Ferb Sun Smacker SPF 24 Berry Busted,Bonne Bell LLC,83.50403,4685.687
742,Vytorin,Lake Erie Medical DBA Quality Care Products LLC,17.08042,5337.947
743,Nitrous Oxide,ILMO Products Company,10.33499,1600.27
744,SKIN SAKE,"Skin Sake, LLC",11.36984,7140.901
745,Lorazepam,Lake Erie Medical DBA Quality Care Products LLC,73.80929,2351.073
746,Burn-B Gone OTC,"DeWitt Laboratories, Inc",6.09661,5812.59
747,"Pollens - Trees, Alder, Red Alnus rubra",Jubilant HollisterStier LLC,2.38046,5704.667
748,CAMERA READY,"SMASHBOX BEAUTY COSMETICS, INC",50.32417,4383.54
749,Risperidone,REMEDYREPACK INC.,50.06061,821.718
750,DR.Fresh Kids Pediatric,"Dr. Fresh, Inc.",69.61147,4131.964
751,EXTENDED PHENYTOIN SODIUM,REMEDYREPACK INC.,15.6848,7818.48
752,Ciprofloxacin,Claris Lifesciences Inc.,48.08118,6828.167
753,FAMOTIDINE,WOCKHARDT LIMITED,44.62743,1411.386
754,Scandonest L,"Novocol Pharmaceutical of Canada, Inc",7.7662,2326.533
755,Sominex,GlaxoSmithKline Consumer Healthcare LP,35.13009,6624.542
756,Warfarin Sodium,Unit Dose Services,4.96791,5957.287
757,MISSHA M PRISM BRIGHT ON AUTO,"ABLE C&C CO., LTD.",81.81383,2147.37
758,Vichy Normaderm,Laboratoires Industriels de Vichy (LIDV),89.5153,4406.805
759,TOPIRAMATE,Lake Erie Medical & Surgical Supply DBA Quality Care Products LLC,14.96673,1550.054
760,topcare antacid calcium,Topco Associates LLC,43.96226,7952.894
761,,"CoValence, Inc.",88.4698,7192.309
762,Covergirl Queen Collection All Day Flawless 3in1 Foundation,Noxell,24.51127,5473.469
763,Tacrolimus,"UDL Laboratories, Inc.",27.80619,3633.823
764,Diazepam,,69.98683,4645.781
765,L-Methyl MC NAC,Virtus Pharmaceuticals LLC,79.52072,4227.792
766,Omeprazole,"Altura Pharmaceuticals, Inc.",49.17312,3214.149
767,Quik-Care,Ecolab Inc.,57.13399,4491.134
768,ESIKA PERFECT SKIN COVERAGE CONCEALER SPF 17,Ventura Corporation LTD,15.79862,5849.991
769,24 HOUR,ARAMIS INC.,21.71904,6135.171
770,complete lice treatment kit,Walgreen Company,64.22222,3283.523
771,Dove,Conopco Inc. d/b/a Unilever,23.88817,7999.249
772,Claritin,"Lil' Drug Store Products, Inc",29.88234,2272.27
773,TABCIN,"Salimex, S.A.",24.22917,7015.034
774,Bellagio Dark Tanning SPF 2,"Lifetech Resources, LLC",89.02449,1802.037
775,LBEL UV DEFENSE 365,"Ventura International Ltd. (San Juan, P.R)",24.69368,2117.828
776,Rimmel BB Cream Beauty Balm Radiance,Rimmel Inc.,8.48358,1976.414
777,Aveeno Active Naturals Skin Relief Moisturizing,"Johnson & Johnson Consumer Products Company, Division of Johnson & Johnson Consumer Companies, Inc.",36.55505,1422.143
778,Levonorgestrel,Perrigo New York Inc,12.40978,3298.852
779,Estropipate,"Physicians Total Care, Inc.",34.79837,7427.358
780,Levetiracetam,Cardinal Health,86.07807,5266.864
781,Cerebromax,"Deseret Biologicals, Inc.",69.16546,3150.584
782,Poplar,"Nelco Laboratories, Inc.",25.82136,1434.416
783,Ranitidine,Unit Dose Services,4.91328,6550.445
784,Tramadol Hydrochloride,Rhodes Pharmaceuticals L.P.,43.05254,2815.787
785,doxorubicin hydrochloride,Sagent Pharmaceuticals,83.7738,2151.974
786,acid relief,Western Family Foods Inc,44.06335,2583.046
787,Enalapril Maleate,REMEDYREPACK INC.,79.47591,1198.348
788,Standardized Bermuda Grass Pollen,"Antigen Laboratories, Inc.",77.5976,4405.572
789,,Washington Homeopathic Products,82.12873,5969.73
790,Carbidopa and Levodopa,Mylan Pharmaceuticals Inc.,58.60051,6435.115
791,Ranitidine,"IVAX Pharmaceuticals, Inc.",86.78048,4923.14
792,Suave Powder,Conopco Inc. d/b/a Unilever,47.11926,5088.589
793,Connective Tissue,"Newton Laboratories, Inc.",55.38957,2098.221
794,Gas Relief,"Safeway, Inc.",3.00183,870.088
795,Medicated Body Powder,"Meijer Distribution, Inc",34.81784,7122.644
796,,"Stila Styles, LLC",33.76653,6147.362
797,Superdent,Darby Dental Supply LLC,46.13914,2979.661
798,Methylprednisolone,"Physicians Total Care, Inc.",56.78261,7156.365
799,Montelukast Sodium,Torrent Pharmaceuticals Limited,94.09666,2569.829
800,Allergy Relief Now Chemical Sensitivity Remedy,Homeocare Laboratories,23.0882,6898.745
801,Top Care,TOPCO Assoc. LLC,70.53759,1471.854
802,Hongo Killer,Efficient Laboratories Inc,55.37399,6115.787
803,CLINIQUE,CLINIQUE LABORATORIES INC.,72.97145,1353.031
804,Butrans,Lake Erie Medical & Surgical Supply DBA Quality Care Products LLC,13.98544,6037.636
805,Latanoprost,Rebel Distributors Corp,36.51035,4189.488
806,Cefadroxil,,92.60858,5424.424
807,Gnaphalium Stannum,Uriel Pharmacy Inc.,54.90624,4815.522
808,Proactiv Solution Advanced Daily Oil Control,Guthy-Renker LLC,2.04357,1375.277
809,Acetaminophen,"Physicians Total Care, Inc.",9.7695,1058.085
810,Head and Shoulders,Procter & Gamble Manufacturing Co.,72.88338,5182.798
811,MegaFresh,"American Amenities, Inc.",92.02281,5923.849
812,Metformin Hydrochloride,"Blenheim Pharmacal, Inc.",52.61191,4780.094
813,Hand Sanitizer,Landy International,56.03084,3620.494
814,Naturasil,"Nature's Innovation, Inc.",14.93971,4659.678
815,Apis Belladonna Fever Relief,Uriel Pharmacy Inc,34.61925,2943.12
816,,"Antigen Laboratories, Inc.",73.18149,1343.179
817,Morphine Sulfate,"PD-Rx Pharmaceuticals, Inc.",80.05288,4173.304
818,Crisp Apple Hand Sani,Vi-Jon,75.36934,2791.884
819,Dextrose,Cardinal Health,39.51373,1835.687
820,Amber Amethyst Teething Relief,Uriel Pharmacy Inc.,85.03809,2053.459
821,"SODIUM SULFACETAMIDE, SULFUR","AUSTIN PHARMACEUTICALS, LLC",49.62508,1673.153
822,Propranolol Hydrochloride,Mylan Pharmaceuticals Inc.,67.46228,1588.493
823,Midazolam HCl,Cantrell Drug Company,68.88333,3424.657
824,Secret Antiperspirant,Procter & Gamble Manufacturing Company,14.86555,2947.039
825,Secret Antiperspirant/Deodorant,Procter and Gamble Manufacturing Company,1.87053,1246.732
826,PHOSPHORUS,HOMEOLAB USA INC,84.45545,3982.194
827,citalopram hydrobromide,Bryant Ranch Prepack,48.634,6916.29
828,Good Neighbor Pharmacy Antacid,Amerisource Bergen,43.91694,3588.895
829,Morphine Sulfate,Bryant Ranch Prepack,46.72741,5743.779
830,Vida Mia Hand Sanitizer,"Navarro Discount Pharmacies,LLC",43.4501,4969.967
831,Nystatin,Aidarex Pharmaceuticals LLC,52.51779,4764.691
832,Acne HP,"Natural Creations, Inc.",86.95921,6288.593
833,Kindest Kare Air-Infused Foam Antiseptic Handrub,,36.95354,5646.846
834,Benzoyl Peroxide,"Harris Pharmaceutical, Inc.",74.03258,6374.008
835,cetirizine hydrochloride,"Unichem Pharmaceuticals (USA), Inc.",94.51475,2913.68
836,Avocado,"Nelco Laboratories, Inc.",47.07137,1332.955
837,NIFEDIPINE,St Marys Medical Park Pharmacy,42.24238,3072.191
838,Midazolam Hydrochloride,"Roxane Laboratories, Inc",73.56038,1463.755
839,dg health triacting,"Dolgencorp, LLC",24.07251,3490.544
840,Mycophenolate Mofetil,Mylan Pharmaceuticals Inc.,21.7138,7332.842
841,risperidone,Major Pharmaceuticals,90.74262,4282.15
842,Reme-Flu,Legacy Biotechnologies Inc.,94.55301,4881.685
843,ANTI-BLEMISH MATTE PRIMER,Jouer Cosmetics LLC,78.57838,1367.121
844,Amantadine Hydrochloride,Lake Erie Medical DBA Quality Care Products LLC,52.32227,7381.385
845,Acyclovir,Mylan Pharmaceuticals Inc.,70.66175,1674.823
846,Estradiol,Barr Laboratories Inc.,15.80002,4747.805
847,equate suphedrine,Wal-Mart Stores Inc,54.01876,3175.424
848,VENLAFAXINE HYDROCHLORIDE,McKesson Packaging Services a business unit of McKesson Corporation,49.29121,5121.294
849,WSNA Hand Sanitizer,"Byotrol, Inc.",10.21794,1212.376
850,Mirtazapine,Mylan Institutional Inc.,70.5435,2923.548
851,,The Mentholatum Company,76.99184,1009.448
852,CeraVe,Valeant Pharmaceuticals North America LLC,27.06437,4095.491
853,WATERMELON,"Allergy Laboratories, Inc.",41.8548,6891.223
854,Diphenhydramine Oral Liquid,Rij Pharmaceutical Corporation,55.97042,3749.077
855,SHISEIDO PURENESS MATIFYING COMPACT OIL-FREE (REFILL),SHISEIDO AMERICA INC.,27.14235,7776.681
856,Ibuprofen,"Blenheim Pharmacal, Inc.",90.82748,7163.902
857,Oxymorphone Hydrochloride,"Physicians Total Care, Inc.",33.98264,6540.632
858,Doxazosin,Bryant Ranch Prepack,65.2442,6708.748
859,LOVEA,Laboratoires Biocos,42.21067,3183.818
860,SPRYCEL,"E.R. Squibb & Sons, L.L.C.",47.40689,4900.612
861,Olanzapine,REMEDYREPACK INC.,39.54841,2315.496
862,Acetaminophen,Kroger Company,80.2099,7765.762
863,oxycodone hydrochloride,Lake Erie Medical DBA Quality Care Products LLC,33.52193,3279.113
864,Mucus Relief,HyVee Inc,58.25359,7158.439
865,FLAWLESS FINISH PERFECTLY NUDE MAKEUP BROAD SPECTRUM SUNSCREEN SPF 15 SHADE COCOA,"Elizabeth Arden, Inc",61.54868,2665.347
866,Triple Antibiotic,Budpak Inc.,62.30988,2683.118
867,PHYTOGENIC INFINITE MAKEUP BASE,"THEFACESHOP CO., LTD.",86.25768,4868.949
868,OVACE Plus,Mission Pharmacal Company,66.13488,6941.004
869,SUCRALFATE,"Physicians Total Care, Inc.",22.29527,4143.472
870,"Dextroamphetamine saccharate, amphetamine aspartate monohydrate, dextroamphetamine sulfate and amphetamine sulfate","CorePharma, LLC",74.30271,7401.533
871,Dr. RECKEWEG R5 Gastreu,PHARMAZEUTISCHE FABRIK DR. RECKEWEG & CO,16.99183,2140.469
872,Primidone,"AvKARE, Inc.",68.48953,3485.162
873,Severe Allergy And Sinus Headache,Rite Aid,9.95641,7059.025
874,Bupropion Hydrochloride,Rebel Distributors Corp.,32.12802,1725.676
875,EPZICOM,State of Florida DOH Central Pharmacy,41.60431,4761.117
876,Weight Gloss,Homeocare Laboratories,29.37993,5376.602
877,BETULA LENTA POLLEN,"ALK-Abello, Inc.",27.5339,6547.139
878,Donepezil Hydrochloride,American Health Packaging,93.23002,5617.765
879,Utah Juniper,"Antigen Laboratories, Inc.",25.22804,3166.749
880,Carbon Dioxide-Oxygen-Nitrogen Mixture,"Roberts Oxygen Company, Inc.",91.34701,6845.172
881,"ISA KNOX 365 BB SUNSCREEN Broad Spectrum SPF 40, PA","LG Household and Healthcare, Inc.",34.9869,4608.236
882,FOSAMAX PLUS D,Merck Sharp & Dohme Corp.,67.88815,4218.294
883,LEVOTHYROXINE SODIUM,"Med-Health Pharma, LLC",16.10821,1596.025
884,Sciatici Freee,Kingbio,84.60103,6938.634
885,Body Luxuries French Lavender Scented Waterless Anti Bacterial Hand gel,ENCHANTE ACCESSORIES INC.,40.27409,7143.204
886,Rimmel London,Lancaster S.A.M.,74.62129,5416.124
887,PredniSONE,"NCS HealthCare of KY, Inc dba Vangard Labs",21.45855,4281.793
888,OXYGEN,Terre Haute Home Health Care Products dba Anderson's Medical Products,8.98737,1619.404
889,,"PD-Rx Pharmaceuticals, Inc.",40.97412,7463.544
890,Levothyroxine Sodium,"Preferred Pharmaceuticals, Inc",13.84728,923.979
891,isosorbide mononitrate,AvPAK,56.52014,4228.451
892,clearlax,Publix Super Markets Inc,93.25213,3564.943
893,Lisinopril,Hikma Pharmaceutical,74.35526,5188.937
894,Enchanted Forest Hand Sanitizer,"Advanced Beauty Systems, Inc.",71.47348,5546.909
895,Pharbetol,"Pharbest Pharmaceuticals, Inc.",77.78004,3396.985
896,Smart Sense Cough DM,Kmart Corporation,75.16357,7005.895
897,Methocarbamol,Major Pharmaceuticals,23.05861,2578.179
898,DEXTROMETHORPHAN HYDROBROMIDE,"SPIRIT PHARMACEUTICALS,LLC",74.19829,4399.835
899,English Walnut,"Nelco Laboratories, Inc.",60.95449,7686.181
900,Hydrochlorothiazide,Heritage Pharmaceuticals Inc.,27.36912,4371.924
901,Zenzedi,"Arbor Pharmaceuticals, Inc.",18.19427,7969.829
902,Junel 1.5/30,"Physicians Total Care, Inc.",56.38015,4303.271
903,Metoclopramide Hydrochloride,Rebel Distributors Corp,45.79981,6237.242
904,Cocklebur,"Nelco Laboratories, Inc.",87.96956,3758.465
905,Albuterol Sulfate,Mylan Pharmaceuticals Inc.,88.20093,3362.9
906,Bain de Soleil,"MSD Consumer Care, Inc.",32.93935,5478.578
907,Head and Shoulders,Procter & Gamble Manufacturing Co.,82.90525,6425.272
908,Granisetron Hydrochloride,Akorn Inc.,41.42562,2201.662
909,Pacific,Ningbo United,27.3376,6274.979
910,ADVIL,Pfizer Consumer Healthcare,39.89631,3513.442
911,SUPER LIGHT TOUCH BB PACT,"HANSKIN CO., LTD.",7.79502,1967.052
912,Jurlique Moisturizing Hand Sanitizer,Jurlique International Pty. Ltd.,32.63835,1228.888
913,Junel 1.5/30,Barr Laboratories Inc.,94.89134,6243.665
914,Cefdinir,Aidarex Pharmaceuticals LLC,8.67531,6848.233
915,REQUIP,GlaxoSmithKline LLC,38.0389,5887.792
916,Sulfamethoxazole and Trimethoprim,Northwind Pharmaceuticals,47.44315,6046.735
917,LBEL Couleur Luxe Rouge Amplifier XP amplifying SPF 15,Ventura Corporation LTD,74.98795,2763.998
918,HYDROCODONE BITARTRATE AND ACETAMINOPHEN,STAT Rx USA LLC,23.07131,5242.837
919,Losartan Potassium,State of Florida DOH Central Pharmacy,49.47837,5197.391
920,REQUIP,GlaxoSmithKline LLC,63.67094,3209.214
921,Fetzima,"Forest Laboratories, Inc.",23.48071,5141.391
922,LBEL EFFET PARFAIT Spots Reducing Effect Foundation SPF 18 - MEDIUM 5,"Ventura International, LTD",32.60128,7034.107
923,Fosphenytoin Sodium,,54.16203,2938.517
924,GROUNDSEL TREE POLLEN,"Allergy Laboratories, Inc.",77.81262,2206.09
925,Nighttime Sleep Aid,"EQUATE (Walmart Stores, Inc.)",13.06026,7576.293
926,Equisetum Formica,Uriel Pharmacy Inc.,81.67182,2415.172
927,Dexamethasone Sodium Phosphate,Sandoz Inc,18.05152,1287.529
928,Trazodone Hydrochloride,Apotex Corp,5.94428,1029.167
929,ropinirole hydrochloride,Cadila Healthcare Limited,10.00978,5512.677
930,Citalopram,"PD-Rx Pharmaceuticals, Inc.",61.75308,7803.238
931,LESCOL,"Physicians Total Care, Inc.",5.5712,7101.068
932,Pecan Nut,"Nelco Laboratories, Inc.",73.35391,7568.208
933,Rivastigmine Tartrate,Apotex Corp.,38.10487,5584.866
934,LEADER HYDROCORTISONE WITH ALOE,CARDINAL HEALTH,60.01156,1889.81
935,fentanyl citrate,"CIMA Laboratories, Inc.",85.0818,3740.34
936,Colgate,Mission Hills S.A. de C.V.,44.7856,1359.059
937,HYDROCODONE BITARTRATE AND ACETAMINOPHEN,"Mallinckrodt, Inc.",26.38161,4994.913
938,Candida Combo,Apotheca Company,63.98209,3203.816
939,Trichoderma harzianam,"Nelco Laboratories, Inc.",22.38352,6057.33
940,LBEL NATURAL FINISH MOISTURIZING FOUNDATION SPF 25,Ventura Corporation LTD,17.39511,2178.79
941,Acarbose,Mylan Pharmaceuticals Inc.,93.06282,4976.701
942,,"Cephalon, Inc.",14.07143,2778.853
943,PROSOPIS JULIFLORA POLLEN,"ALK-Abello, Inc.",59.57357,988.429
944,Bacitracin,Sagent Pharmaceuticals,22.87952,7689.841
945,,Neutrogena Corporation,86.72459,6649.308
946,Clenia,"Upsher-Smith Laboratories, Inc",35.25626,5901.493
947,Garnier Skin Renew Miracle Skin Perfector AntiAging BB Broad Spectrum SPF 15 Sunscreen,L'Oreal USA Products Inc,81.49714,5342.189
948,Amoxicillin,Citron Pharma LLC,39.25158,2826.621
949,Clean and Clear Advantage,"Johnson & Johnson Consumer Products Company, Division of Johnson & Johnson Consumer Companies, Inc.",29.81844,2133.908
950,Diazepam,Major Pharmaceuticals,90.2942,1509.075
951,Antacid Antigas Maximum Strength Original,"Aaron Industries, Inc.",5.16689,2210.901
952,Octreotide acetate,Wockhardt USA LLC.,56.74133,5489.969
953,ANTIBACTERIAL AMBER HAND SOAP,Ningbo United Group Import and Export Co. Ltd.,25.6648,4963.054
954,Venlafaxine Hydrochloride,REMEDYREPACK INC.,43.92274,2147.644
955,Calcitriol,"Akorn, Inc.",50.42701,2116.715
956,Fluocinolone Acetonide,"GW Laboratories, Inc.",40.93039,4565.233
957,Lamotrigine,REMEDYREPACK INC.,39.9407,1362.869
958,Potassium Chloride,Bryant Ranch Prepack,64.44988,5532.031
959,Buspirone Hydrochloride,"NCS HealthCare of KY, Inc dba Vangard Labs",60.33058,7863.256
960,Azithromycin,Unit Dose Services,45.16579,3055.653
961,,Home Sweet Homeopathics,71.79056,2839.466
962,leader mucus er,Cardinal Health,54.44388,3146.564
963,Total Bromine,White Manufacturing Incorporated,54.25995,1611.003
964,Lamivudine,REMEDYREPACK INC.,93.96975,5109.095
965,EXSEL SPORT,ARMY AND AIR FORCE EXCHANGE SERVICE,77.72717,3393.243
966,LBEL COULEUR LUXE AMPLIFIER XP,,59.49993,6294.952
967,Duravent PE,"Allegis Pharmaceuticals, LLC",26.38325,5479.52
968,CVS Simple Care Protective Rash,CVS Pharmacy,81.75273,1107.781
969,Teething - Colic,"Newton Laboratories, Inc.",49.38248,6498.183
970,LoHist PEB DM,"Larken Laboratories, Inc.",86.99236,7418.944
971,Bacitracin Zinc,Dynarex Corporation,34.36061,6089.712
972,kids cough,,25.47356,6411.332
973,"Pollens - Trees, Pecan Carya Carya illinoensis",Jubilant HollisterStier LLC,17.05817,1357.603
974,Triazolam,Unit Dose Services,58.84935,2298.328
975,Equate Naproxen Sodium,Wal-Mart Stores Inc,81.75652,6480.502
976,Buspirone Hydrochloride,"NCS HealthCare of KY, Inc dba Vangard Labs",21.73651,5502.997
977,Childrens Earache RELIEF,"Homeostasis Laboratories, Inc.",28.34874,6564.313
978,,"Deseret Biologicals, Inc.",83.39386,6485.927
979,My Way,"GAVIS Pharmaceuticals, LLC",91.29176,2683.641
980,Enulose,Actavis Inc.,45.41041,7117.947
981,Degree,Conopco Inc. d/b/a Unilever,13.08538,4046.01
982,Lortab,ECR Pharmaceuticals,34.81802,6557.67
983,Terbinafine Hydrochloride,Bryant Ranch Prepack,82.12935,1742.082
984,Pepto Relief,,92.56446,1575.2
985,Ketotifen Fumarate,,66.46247,4890.762
986,Rainbow Baby,Home Sweet Homeopathics,49.56474,3908.684
987,Acyclovir,"AvKARE, Inc.",48.53641,7416.723
988,Symax Duotab,"Capellon Pharmaceuticals, LLC",5.49438,7368.272
989,Nortriptyline Hydrochloride,Teva Pharmaceuticals USA Inc,23.46561,2684.995
990,Non-Drowsy Cold Multi-Symptom Severe,"FRED'S, INC.",47.40031,2202.378
991,Jasmine 3D Moist,"AMI Cosmetic Co.,Ltd.",67.00398,2491.316
992,Dexamethasone,,52.25718,3159.492
993,Sinus-Tone,Energetix Corp,20.86723,4099.886
994,Bay Leaf,"Nelco Laboratories, Inc.",92.54133,1727.779
995,Morphine Sulfate,West-ward Pharmaceutical Corp.,16.23877,4459.208
996,Irbesartan,"Camber Pharmaceuticals, Inc.",4.51885,889.668
997,Furosemide,Cardinal Health,92.2172,1020.892
998,Prometh with Codeine,Actavis Mid Atlantic LLC,37.30389,6093.522
999,Lithium Carbonate,Carilion Materials Management,37.98678,1156.305
1000,RYZOLT,Stat Rx USA,62.49718,6857.993
