producto,origen,fecha,cantidad (KG),precio (DOLARES),proveedor_id
Fond - Neutral,Brazil,21/2/2011,71,979,1332
Carbonated Water - Blackcherry,Indonesia,19/12/2008,393,11393,1255
Chocolate - Sugar Free Semi Choc,Ghana,11/7/2013,495,16170,1277
Oil - Sunflower,Brazil,10/1/2002,318,4664,1211
Sprouts - Pea,China,27/9/2005,133,1699,1073
Flour Dark Rye,Guatemala,1/4/2011,224,3378,1462
"Shrimp - 21/25, Peel And Deviened",Russia,18/6/2019,156,5186,1146
Ecolab - Balanced Fusion,Russia,23/4/2017,142,3611,1194
Apple - Royal Gala,Iran,28/11/2004,315,5307,1289
Steampan - Half Size Shallow,China,19/9/2007,306,8691,1249
Trout Rainbow Whole,Niger,14/3/2008,221,4085,1227
Sugar - Palm,Honduras,20/2/2014,389,4283,1186
Bar Mix - Lime,Peru,26/6/2014,273,3654,1199
Pop - Club Soda Can,South Georgia and the South Sandwich Islands,31/8/2015,300,5831,1256
Chocolate Bar - Coffee Crisp,Brazil,13/2/2015,268,7466,1341
Muffin Hinge Container 6,Russia,27/6/2002,368,8879,1438
Aspic - Clear,China,10/5/2008,108,1347,1475
Coffee Caramel Biscotti,Kenya,7/11/2016,151,3757,1102
Wine - Sawmill Creek Autumn,China,27/5/2009,409,10794,1237
Towel - Roll White,Philippines,26/8/2018,341,6006,1019
Food Colouring - Pink,Sweden,8/3/2020,125,2529,1129
Oil - Avocado,Russia,7/6/2010,159,1988,1064
Haggis,China,20/6/2016,272,1590,1098
"Veal - Leg, Provimi - 50 Lb Max",Sweden,29/7/2002,269,9149,1266
Jolt Cola,China,8/12/2016,185,1499,1061
"Chicken - White Meat, No Tender",Philippines,27/12/2011,156,4577,1276
Capicola - Hot,Pakistan,8/8/2006,187,2391,1048
Cinnamon Buns Sticky,Portugal,20/3/2006,275,5762,1229
Lamb Shoulder Boneless Nz,Indonesia,20/12/2006,92,2334,1340
Tamarind Paste,Indonesia,5/3/2002,380,5567,1176
Energy Drink Bawls,Austria,19/10/2019,159,3002,1464
Ecolab - Hobart Washarm End Cap,Netherlands,25/9/2017,254,7947,1287
Mushrooms - Honey,Poland,18/8/2020,314,5028,1166
Rosemary - Dry,Botswana,5/5/2011,218,3191,1371
Muffin Mix - Blueberry,Indonesia,10/12/2003,508,11255,1060
"Potatoes - Yukon Gold, 80 Ct",Russia,10/2/2017,139,4033,1492
Noodles - Steamed Chow Mein,Czech Republic,11/6/2017,28,783,1030
Dried Figs,Thailand,13/4/2013,214,2091,1480
Pastry - Key Limepoppy Seed Tea,Myanmar,26/12/2013,130,4027,1361
Dome Lid Clear P92008h,Uzbekistan,21/6/2015,181,3893,1253
Puff Pastry - Sheets,Sweden,25/5/2006,97,2093,1175
Glaze - Clear,Morocco,20/6/2004,394,5404,1271
Tray - 16in Rnd Blk,Indonesia,7/11/2019,287,5416,1122
Chips - Doritos,Brazil,20/10/2006,327,4848,1181
Rum - Mount Gay Eclipes,Ukraine,13/6/2002,250,5993,1022
"Beef - Ox Tongue, Pickled",China,3/6/2008,289,6800,1241
Flavouring Vanilla Artificial,Indonesia,30/8/2015,477,13074,1403
Cranberries - Frozen,China,20/10/2017,519,11081,1121
"Red Snapper - Fresh, Whole",Luxembourg,21/5/2018,423,11241,1361
Broom And Broom Rack White,Brazil,27/9/2012,319,8411,1459
Pastry - Chocolate Chip Muffin,Ukraine,18/3/2015,169,5256,1125
Squash - Butternut,Yemen,26/4/2004,330,6027,1298
Milk - Condensed,Vietnam,23/9/2009,267,4459,1171
"Chocolate - Milk, Callets",France,30/8/2004,320,8505,1488
Lumpfish Black,Indonesia,15/11/2018,,5018,1479
Cardamon Seed / Pod,Portugal,8/7/2011,179,3475,1407
"Turkey - Breast, Double",China,25/6/2012,115,2683,1343
Rice - Aborio,China,24/2/2013,119,1531,1387
Sauce - Plum,Japan,9/1/2004,120,1451,1417
Nori Sea Weed,Indonesia,12/8/2001,274,3237,1306
Goat - Whole Cut,China,4/1/2016,152,2479,1448
"Syrup - Monin, Amaretta",France,22/3/2007,470,10854,1206
Pails With Lids,Philippines,13/4/2016,319,5071,1369
Island Oasis - Magarita Mix,Mexico,22/12/2014,-11,30230,1462
Sauce - Salsa,Sweden,12/9/2005,269,3311,1248
"Mop Head - Cotton, 24 Oz",Thailand,12/5/2011,230,5203,1361
"Mushrooms - Black, Dried",Indonesia,8/1/2007,276,7249,1119
Olives - Nicoise,Indonesia,31/10/2004,309,5051,1380
Wine - Acient Coast Caberne,Australia,27/4/2015,371,10321,1226
"Pepper - Black, Ground",Portugal,13/12/2018,150,3628,1198
Wine - Placido Pinot Grigo,Philippines,2/2/2011,273,6592,1182
Lettuce - Boston Bib,France,1/12/2002,315,6860,1208
"Lamb - Leg, Bone In",China,7/2/2004,492,8956,1134
Kellogs All Bran Bars,China,25/1/2012,,15478,1131
Lidsoupcont Rp12dn,Russia,23/6/2017,152,2951,1445
"Napkin - Dinner, White",Japan,18/9/2015,-10,903,1119
Wine - Sake,Malaysia,23/7/2009,152,1589,1473
"Pasta - Orzo, Dry",Angola,3/6/2013,-129,17405,1452
"Marjoram - Dried, Rubbed",Russia,7/10/2011,117,3039,1016
Tea - Apple Green Tea,China,3/1/2013,438,9923,1446
"Lamb - Racks, Frenched",Poland,14/11/2003,281,6606,1257
Salmon Steak - Cohoe 8 Oz,Indonesia,4/9/2002,326,7617,1075
"Wine - White, Pinot Grigio",Russia,3/6/2003,111,3008,1344
Amaretto,Philippines,30/10/2016,225,1945,1255
"Lentils - Red, Dry",Ukraine,4/10/2001,143,2518,1433
"Marsala - Sperone, Fine, D.o.c.",Indonesia,23/12/2008,-9,19654,1006
Gatorade - Lemon Lime,Pakistan,14/9/2003,243,5027,1197
Sobe - Orange Carrot,China,17/7/2004,349,7576,1242
Wine - Barbera Alba Doc 2001,Philippines,18/1/2007,314,9196,1173
Sole - Fillet,Pakistan,23/9/2004,123,1750,1327
External Supplier,Ecuador,17/10/2004,,15513,1315
Salad Dressing,South Korea,19/11/2010,362,5535,1273
Cheese - St. Paulin,El Salvador,23/8/2007,155,2713,1060
Lettuce - Spring Mix,Brazil,16/9/2009,207,3766,1314
Wine - Sauvignon Blanc,France,10/2/2009,192,4310,1165
French Pastry - Mini Chocolate,Portugal,15/7/2017,223,6127,1417
Island Oasis - Lemonade,Russia,28/10/2019,347,7861,1356
Island Oasis - Cappucino Mix,Albania,28/6/2019,208,5787,1465
Ham - Cooked Bayonne Tinned,Portugal,16/8/2002,297,8529,1167
Tomatoes - Cherry,Syria,27/10/2018,265,4351,1079
Buffalo - Striploin,China,7/4/2004,191,3859,1222
Ice Cream Bar - Oreo Cone,Indonesia,25/8/2002,78,1774,1278
"Beef - Tenderlion, Center Cut",Brazil,1/2/2017,508,14470,1342
Tomatoes - Roma,Sweden,21/8/2005,-80,14398,1029
Muffin - Mix - Creme Brule 15l,Greece,5/8/2020,151,4128,1063
Couscous,Russia,17/6/2006,263,1969,1444
"Lobster - Baby, Boiled",Philippines,10/2/2007,178,3579,1395
Squid - Tubes / Tenticles 10/20,China,26/10/2004,266,8472,1146
"Wine - Mas Chicet Rose, Vintage",Russia,26/1/2005,22,735,1065
Wine - Touraine Azay - Le - Rideau,Mexico,21/1/2004,285,8724,1041
Milk - Condensed,China,4/1/2004,,9511,1456
Lamb Rack Frenched Australian,Russia,22/6/2010,444,14117,1319
Crackers - Water,Ukraine,29/3/2005,207,3407,1026
Table Cloth 62x120 White,Brazil,14/10/2003,51,1181,1478
Appetizer - Lobster Phyllo Roll,Russia,24/3/2018,309,9048,1471
"Olives - Black, Pitted",Iran,12/11/2003,192,3896,1179
Chips - Assorted,Iran,15/9/2014,431,7112,1032
Shrimp - Prawn,Sweden,27/11/2020,36,489,1274
Baking Soda,China,29/5/2020,267,2829,1293
Lamb - Shoulder,China,26/3/2006,191,2701,1260
"Wine - White, Antinore Orvieto",China,22/8/2013,143,4159,1204
Cheese - Wine,China,21/1/2012,448,5339,1433
Bread Crumbs - Japanese Style,Indonesia,28/5/2007,260,7840,1350
"Beans - Turtle, Black, Dry",Haiti,31/8/2009,159,3803,1317
Pineapple - Regular,Indonesia,9/4/2017,136,2811,1357
Napkin White - Starched,Sweden,20/11/2017,409,8974,1169
Nut - Macadamia,Poland,4/4/2008,138,2197,1042
Tarragon - Fresh,Indonesia,12/7/2018,541,7911,1339
Kolrabi,Venezuela,4/6/2003,52,369,1471
Pail For Lid 1537,France,12/2/2003,431,7918,1194
"Cheese - Brie, Triple Creme",Indonesia,1/12/2013,37,938,1358
"Flour - Corn, Fine",Croatia,1/11/2012,,4869,1347
External Supplier,Sweden,30/11/2007,393,6183,1151
Wine - Coteaux Du Tricastin Ac,Belarus,22/8/2016,221,7135,1135
Apples - Spartan,Switzerland,15/11/2018,258,4264,1426
Currants,Argentina,18/6/2018,85,657,1280
Table Cloth 54x54 White,Uzbekistan,13/3/2017,296,6767,1341
Beer - Muskoka Cream Ale,Sweden,26/12/2006,52,1326,1470
Lamb - Shoulder,Russia,26/3/2019,467,6709,1102
Mace,Sweden,12/6/2015,481,1735,1437
Beets - Golden,Albania,5/6/2007,224,2852,1416
Lettuce - Radicchio,Mexico,10/4/2004,212,4181,1239
"Doilies - 8, Paper",Thailand,28/1/2004,356,5899,1313
Beer - Upper Canada Light,Canada,9/7/2008,79,1893,1098
Table Cloth 120 Round White,Japan,27/11/2008,296,7430,1224
"Chilli Paste, Ginger Garlic",China,22/8/2013,5,146,1004
Cheese - Parmigiano Reggiano,Ukraine,27/8/2015,89,2351,1078
"Pepper - Chillies, Crushed",Georgia,10/6/2008,365,8559,1270
"Soup - Knorr, Veg / Beef",France,25/6/2020,171,4495,1352
Pepper - Jalapeno,China,13/1/2006,332,5268,1006
"Lamb - Leg, Bone In",Guatemala,16/1/2017,288,5069,1312
Cookies Oatmeal Raisin,Indonesia,18/3/2018,179,4225,1395
Latex Rubber Gloves Size 9,Russia,25/10/2011,336,9122,1131
"Pasta - Elbows, Macaroni, Dry",China,11/6/2004,289,9093,1470
Gatorade - Lemon Lime,Honduras,8/10/2001,60,1345,1385
Wine - Riesling Alsace Ac 2001,Ethiopia,25/9/2004,193,5614,1382
Pastry - Chocolate Marble Tea,Indonesia,14/6/2010,165,4599,1369
"Bread - Dark Rye, Loaf",Russia,5/10/2020,109,2422,1211
Wine - Vouvray Cuvee Domaine,Greece,13/11/2014,195,5255,1482
Cookie Trail Mix,South Africa,31/3/2006,74,1227,1033
"Pepper - Julienne, Frozen",Croatia,29/10/2002,366,8280,1173
Limes,China,14/1/2012,87,436,1463
Chips Potato All Dressed - 43g,United States,5/8/2014,124,3797,1391
Chocolate - Semi Sweet,China,30/8/2010,307,7180,1127
"Ham - Smoked, Bone - In",Portugal,20/6/2020,,22006,1227
"Soup - Knorr, Ministrone",Nigeria,18/5/2006,105,2450,1130
Muffin - Mix - Strawberry Rhubarb,China,12/12/2003,-6,3391,1099
Oven Mitts - 15 Inch,Senegal,14/5/2012,206,4026,1453
Pasta - Agnolotti - Butternut,China,7/10/2010,268,7412,1438
Wine - Tio Pepe Sherry Fino,Poland,6/6/2003,412,10503,1039
Nantucket Pine Orangebanana,China,8/12/2002,74,1864,1198
Table Cloth 62x114 White,Indonesia,31/8/2012,254,6610,1262
Chicken - Bones,Dominican Republic,4/7/2015,136,2083,1487
"C - Plus, Orange",Portugal,4/8/2004,176,2767,1291
Scampi Tail,France,10/10/2010,276,2972,1281
Table Cloth - 53x69 Colour,Hungary,22/4/2010,394,9334,1195
"Nut - Peanut, Roasted",Vietnam,7/5/2020,343,7055,1333
Pasta - Fusili Tri - Coloured,Philippines,9/10/2012,220,6240,1469
French Pastry - Mini Chocolate,Portugal,8/10/2019,14,450,1204
Coffee - 10oz Cup 92961,Indonesia,29/5/2007,87,2054,1467
Compound - Rum,China,3/7/2011,316,4064,1230
Snapple - Iced Tea Peach,China,11/6/2010,211,5095,1092
Lambcasing,China,13/2/2014,,10204,1440
"Lid - Translucent, 3.5 And 6 Oz",Iran,24/7/2009,463,15576,1174
Cheese - Roquefort Pappillon,Brazil,27/4/2016,408,11377,1012
Veal - Provimi Inside,Indonesia,14/7/2019,237,5202,1436
Green Tea Refresher,China,5/8/2011,190,3922,1113
Shrimp - Prawn,Indonesia,6/4/2009,214,2718,1160
Grouper - Fresh,China,26/8/2012,199,3283,1241
Creme De Cacao White,Sweden,15/10/2015,360,7771,1148
"Mushroom - Chantrelle, Fresh",Nigeria,9/7/2014,296,8819,1172
"Chocolate - Milk, Callets",Russia,18/9/2001,199,4672,1186
Wine - Semi Dry Riesling Vineland,Sweden,2/7/2008,,36078,1061
Ham Black Forest,Czech Republic,20/5/2014,112,1638,1235
Wine - Riesling Dr. Pauly,Dominican Republic,8/12/2017,119,2686,1368
Oil - Safflower,Tunisia,19/1/2001,195,3201,1152
"Tart Shells - Savory, 3",Venezuela,28/1/2014,223,5042,1012
Cheese - Gorgonzola,Thailand,3/2/2018,241,4648,1402
Almonds Ground Blanched,Peru,19/8/2019,160,3366,1260
Mcgillicuddy Vanilla Schnap,Uruguay,14/3/2013,-64,24865,1268
Bread - Pumpernickel,Canada,26/8/2011,,9701,1024
Kellogs All Bran Bars,Russia,15/5/2001,192,4296,1336
Bread Cranberry Foccacia,Nigeria,16/12/2015,216,5446,1436
Sugar - Crumb,Peru,12/3/2005,153,1887,1225
Garlic - Peeled,Indonesia,23/10/2004,106,1583,1417
"Doilies - 12, Paper",Philippines,13/4/2011,139,2552,1294
Creme De Cacao White,Uganda,20/1/2020,302,5919,1298
Mix - Cappucino Cocktail,Russia,7/12/2017,-128,13783,1171
Pork Loin Cutlets,Indonesia,18/7/2009,384,6883,1176
Pepper - Cayenne,Russia,17/9/2010,453,6548,1123
"Chicken - Breast, 5 - 7 Oz",China,21/12/2014,275,7594,1064
Snapple Raspberry Tea,Malaysia,16/4/2002,63,1212,1207
Dill Weed - Dry,North Korea,29/11/2007,212,3028,1224
"Nut - Almond, Blanched, Whole",United States,18/11/2004,375,10052,1298
Cotton Wet Mop 16 Oz,Dominican Republic,9/2/2014,261,4856,1436
Jack Daniels,Uruguay,8/6/2006,238,3111,1152
"Arctic Char - Fresh, Whole",Bosnia and Herzegovina,23/1/2018,239,6506,1166
Ezy Change Mophandle,Philippines,30/1/2003,400,7472,1420
Pork - Belly Fresh,Madagascar,25/8/2020,140,2270,1238
Myers Planters Punch,Indonesia,18/6/2017,400,7830,1213
"Salmon - Atlantic, No Skin",China,26/11/2013,,23810,1087
Milk - Chocolate 500ml,Canada,7/6/2015,175,4000,1421
"Wine - Red, Gallo, Merlot",South Sudan,8/4/2014,-61,12642,1495
Teriyaki Sauce,Indonesia,15/4/2002,398,5799,1093
Clam Nectar,China,8/9/2006,398,4718,1392
Pail With Metal Handle 16l White,China,29/9/2009,156,4666,1473
Veal - Nuckle,Serbia,9/4/2014,412,5633,1262
Muffin Mix - Lemon Cranberry,Brazil,17/2/2007,311,8158,1193
"Chicken - Breast, 5 - 7 Oz",Russia,11/11/2009,430,10089,1333
Apples - Spartan,Samoa,5/11/2006,265,4404,1325
Turkey - Ground. Lean,Papua New Guinea,12/7/2015,301,6748,1175
Sauce - Hp,Afghanistan,20/2/2017,278,2710,1170
Energy Drink Red Bull,Uruguay,6/12/2004,179,3542,1129
Orange Roughy 6/8 Oz,China,13/3/2016,84,1801,1298
"Rum - Coconut, Malibu",China,26/6/2008,341,7632,1002
Fennel - Seeds,France,14/3/2018,244,3441,1404
Soup - Campbells Bean Medley,Czech Republic,16/6/2001,253,7427,1280
Mangostein,Argentina,27/7/2005,432,4160,1242
Wine - Casillero Del Diablo,Colombia,26/3/2007,194,5172,1113
"Sauce - Gravy, Au Jus, Mix",China,29/8/2005,197,5535,1370
Aspic - Light,United States,26/3/2009,346,4664,1358
Sauce - Fish 25 Ozf Bottle,Indonesia,18/4/2007,82,2173,1434
Vodka - Smirnoff,Greece,18/4/2011,50,786,1052
Appetizer - Mushroom Tart,United States,27/9/2009,373,10249,1032
"Cookies - Oreo, 4 Pack",Cuba,31/10/2006,-33,10993,1201
"Asparagus - White, Fresh",Indonesia,19/9/2015,128,3365,1449
"Lemonade - Kiwi, 591 Ml",Indonesia,3/10/2007,181,4199,1213
Danishes - Mini Raspberry,China,20/9/2010,281,6766,1409
Oven Mitt - 13 Inch,Philippines,5/7/2014,139,2772,1107
Cake - Night And Day Choclate,Philippines,8/8/2009,354,9273,1163
Goat - Leg,Indonesia,1/4/2018,299,2874,1300
Eggplant - Regular,Peru,4/12/2020,149,2436,1181
Veal Inside - Provimi,Philippines,25/8/2008,81,1550,1213
Turkey - Ground. Lean,Mexico,27/2/2019,225,5143,1419
Blueberries,China,13/3/2017,209,2317,1078
Neckerchief Blck,Philippines,14/3/2015,233,3565,1028
Shrimp - 100 / 200 Cold Water,Brazil,2/12/2012,218,6234,1287
"Quail - Whole, Boneless",Portugal,25/10/2011,233,5266,1460
Bread - Pain Au Liat X12,Russia,23/6/2017,388,9112,1233
Coffee - Almond Amaretto,United States,31/10/2013,284,7057,1131
"Fish - Halibut, Cold Smoked",New Zealand,3/2/2001,205,5398,1106
"Lemonade - Kiwi, 591 Ml",Greece,24/8/2020,125,2975,1273
Chinese Lemon Pork,China,4/12/2020,487,9377,1262
Carrots - Mini Red Organic,Norway,1/1/2015,354,9953,1062
Hand Towel,Indonesia,20/1/2019,96,892,1393
Cheese - Comtomme,Indonesia,21/4/2020,275,4408,1415
Table Cloth 120 Round White,Canada,6/12/2012,279,6916,1029
Assorted Desserts,Netherlands,8/6/2017,286,5169,1026
Bread - Granary Small Pull,Russia,15/10/2001,389,9556,1489
Oneshot Automatic Soap System,Indonesia,8/1/2013,431,13632,1345
Chicken Breast Wing On,Finland,8/10/2008,154,3464,1455
Truffle Shells - White Chocolate,China,12/7/2015,301,9327,1118
Yoghurt Tubes,China,7/10/2020,283,3889,1260
Ham - Cooked,Portugal,22/3/2017,259,3041,1379
"Wine - Red, Mosaic Zweigelt",South Korea,25/5/2007,159,4410,1275
Bread - Raisin Walnut Pull,France,14/9/2006,196,5596,1106
Wine - Segura Viudas Aria Brut,Egypt,10/6/2013,262,8201,1333
"Lamb - Shoulder, Boneless",China,21/7/2006,168,4524,1441
Bar - Granola Trail Mix Fruit Nut,Denmark,18/3/2017,241,7505,1269
"Sauce - Apple, Unsweetened",Yemen,3/9/2001,182,4471,1393
Sprouts Dikon,China,21/3/2014,238,3038,1052
Scallops 60/80 Iqf,France,12/3/2005,441,7195,1170
Broom - Push,Cameroon,23/8/2001,143,1839,1491
Amaretto,Poland,21/8/2011,339,2673,1320
Pike - Frozen Fillet,Philippines,25/10/2019,279,5626,1229
Muffin Mix - Blueberry,Sweden,4/9/2015,261,6029,1477
"Juice - Tomato, 48 Oz",Germany,4/9/2011,302,5824,1056
Garam Masala Powder,United States,18/5/2017,269,5463,1390
Pork - Backs - Boneless,Spain,11/12/2007,339,7317,1301
Sprouts - Bean,Finland,13/8/2015,196,2918,1428
Appetizer - Asian Shrimp Roll,Vietnam,14/9/2001,313,9663,1393
Paper Towel Touchless,Indonesia,26/10/2020,68,1550,1094
Chicken - Bones,Bolivia,9/3/2001,328,5174,1107
Tea - Grapefruit Green Tea,Bosnia and Herzegovina,26/10/2010,,25939,1010
Cabbage - Nappa,Egypt,25/10/2002,27,371,1101
Cod - Black Whole Fillet,Indonesia,21/10/2005,294,7206,1127
Island Oasis - Sweet And Sour Mix,Myanmar,21/2/2001,190,5870,1413
Bread - Hot Dog Buns,Russia,21/1/2003,69,1366,1276
Flour - All Purpose,Iran,7/8/2003,347,7210,1460
Mix Pina Colada,Russia,23/4/2008,385,315281,1342
Crush - Cream Soda,Russia,19/1/2004,-29,12441,1449
"Rice Pilaf, Dry,package",Argentina,11/1/2014,370,8724,1292
Sauce - Hoisin,France,4/10/2008,122,1850,1069
Hersey Shakes,Brazil,10/7/2012,132,1838,1249
Pasta - Cheese / Spinach Bauletti,Ukraine,24/9/2016,6,183,1361
Cheese - Camembert,China,19/12/2018,216,3731,1019
Chocolate - Dark Callets,South Africa,24/6/2003,366,9222,1147
"Bar Mix - Pina Colada, 355 Ml",Indonesia,28/1/2011,219,5764,1141
Table Cloth 54x72 Colour,Jamaica,19/7/2009,177,4214,1243
Anchovy In Oil,Morocco,9/6/2012,109,1443,1344
Vinegar - Champagne,China,18/2/2020,586,10232,1173
Dried Apple,Tanzania,12/2/2013,261,3106,1452
"Red Snapper - Fresh, Whole",Croatia,16/8/2009,111,2827,1400
Spinach - Spinach Leaf,Kenya,22/7/2002,258,6212,1279
Tofu - Soft,Bangladesh,9/4/2005,79,787,1235
Bay Leaf Ground,Pakistan,3/5/2002,206,3171,1381
Pepper - Jalapeno,Russia,18/1/2014,426,7530,1263
Truffle Cups - White Paper,Indonesia,28/10/2002,154,3900,1188
"Salmon - Atlantic, Fresh, Whole",Indonesia,2/4/2006,112,3806,1219
Cod - Fillets,Russia,21/6/2006,247,3324,1219
Pickle - Dill,Honduras,1/2/2019,-15,8658,1112
Coffee Caramel Biscotti,Philippines,16/7/2004,66,1482,1075
Canada Dry,Russia,11/10/2005,332,3477,1338
Coffee - French Vanilla Frothy,Russia,3/12/2003,200,6359,1207
Corn Syrup,China,24/12/2005,374,3584,1051
Bar Nature Valley,Indonesia,21/3/2003,368,6787,1348
Cheese - St. Andre,China,31/5/2020,155,2771,1017
"Beans - Fava, Canned",Philippines,15/3/2007,225,4755,1323
V8 - Berry Blend,Russia,15/3/2019,245,4222,1358
Island Oasis - Pina Colada,Poland,28/1/2011,380,10335,1124
Muffin - Banana Nut Individual,Greece,1/11/2010,31,857,1469
Oats Large Flake,Indonesia,14/3/2013,117,1960,1261
Fennel,Indonesia,4/5/2003,473,3022,1109
Shark - Loin,Philippines,21/4/2007,100,1237,1187
"Asparagus - White, Fresh",Macedonia,16/2/2015,408,10176,1343
Butter - Pod,Pakistan,11/6/2001,-52,5405,1049
"Lemonade - Island Tea, 591 Ml",Venezuela,13/8/2013,90,2579,1179
Foil - Round Foil,China,23/9/2006,459,7576,1348
Cassis,Portugal,21/7/2017,327,1811,1418
Cheese - Grana Padano,Norway,14/10/2013,420,8248,1074
"Chestnuts - Whole,canned",China,25/9/2020,93,2414,1152
Squeeze Bottle,China,23/1/2001,29,419,1226
The Pop Shoppe - Black Cherry,Philippines,14/7/2001,241,7687,1178
Waffle Stix,Iraq,26/9/2013,202,2146,1182
Zucchini - Green,Egypt,12/3/2012,429,7488,1296
Celery Root,Spain,14/7/2003,113,1219,1097
V8 Pet,Poland,11/8/2014,360,2336,1208
Longos - Chicken Curried,Indonesia,24/3/2003,490,11849,1392
Onions - Pearl,Poland,8/6/2018,177,2614,1354
Bread - 10 Grain Parisian,Argentina,6/2/2004,135,3397,1229
Cup - Paper 10oz 92959,Indonesia,4/12/2016,381,7739,1304
Wine - Chateau Aqueria Tavel,Mexico,26/5/2016,47,1318,1112
Table Cloth 53x53 White,Indonesia,17/6/2020,193,4289,1056
"Pesto - Primerba, Paste",United Kingdom,1/7/2010,301,6530,1008
Ketchup - Tomato,Japan,12/1/2001,319,4869,1124
Foam Dinner Plate,Belarus,9/5/2011,-48,18473,1150
Bagelers - Cinn / Brown Sugar,Indonesia,9/8/2008,40,1214,1097
Wine - Fume Blanc Fetzer,Portugal,7/5/2002,68,1527,1065
Pastry - Butterscotch Baked,Indonesia,20/5/2011,277,7492,1362
Syrup - Pancake,France,17/1/2004,162,2484,1333
Wine - Guy Sage Touraine,Indonesia,29/9/2004,497,12303,1016
Creamers - 10%,Philippines,18/5/2010,113,1661,1274
Tea - English Breakfast,China,28/12/2005,305,7616,1422
Corn - Mini,Mexico,26/11/2020,142,1442,1124
Dasheen,Argentina,3/10/2011,,5408,1322
Bar Energy Chocchip,China,9/8/2002,123,2368,1395
Propel Sport Drink,China,6/12/2012,316,5599,1280
Aspic - Light,Indonesia,7/5/2009,121,1454,1449
"Red Snapper - Fillet, Skin On",United States,4/11/2020,151,4346,1317
Shortbread - Cookie Crumbs,United States,3/10/2007,176,4416,1128
Tomatillo,Ukraine,6/9/2005,319,3016,1017
Jello - Assorted,Namibia,27/1/2018,380,6097,1419
Macaroons - Two Bite Choc,Mongolia,5/10/2018,351,8724,1249
Sauce - Mint,Vietnam,30/12/2003,575,6726,1456
Aspic - Light,Greece,5/8/2009,210,2917,1295
Spinach - Spinach Leaf,China,24/7/2016,394,7825,1468
"Pasta - Fett Alfredo, Single Serve",Denmark,1/4/2006,373,11797,1421
Pectin,Indonesia,29/9/2005,125,760,1190
Carbonated Water - Cherry,Argentina,9/11/2002,246,6350,1355
Stainless Steel Cleaner Vision,Portugal,16/9/2006,250,6950,1081
Wine - Riesling Dr. Pauly,Indonesia,26/9/2018,156,4222,1289
Cheese - Gouda,Zimbabwe,16/2/2017,376,5006,1306
Aspic - Amber,United Kingdom,2/5/2004,163,2188,1032
"Beef - Ground, Extra Lean, Fresh",Serbia,20/1/2007,327,11341,1085
Raisin - Golden,Ukraine,26/6/2004,370,5293,1227
Potatoes - Parissienne,Ivory Coast,13/11/2004,309,6136,1334
Cheese Cloth No 60,Thailand,28/5/2007,188,3179,1286
Longos - Burritos,Czech Republic,18/4/2010,216,3990,1207
Wine - Chateau Timberlay,Colombia,6/8/2010,332,8127,1392
Apple - Granny Smith,Ukraine,30/6/2019,276,5579,1268
"Bread - Roll, Calabrese",Philippines,12/12/2004,401,8772,1196
Bar Nature Valley,Peru,16/10/2020,203,3349,1474
Smirnoff Green Apple Twist,Portugal,2/1/2011,160,4466,1332
Bar Energy Chocchip,Chad,23/1/2005,49,978,1323
Pastrami,France,1/4/2017,92,783,1031
Parsnip,China,16/3/2011,106,686,1185
Water - Tonic,China,5/9/2011,269,3700,1497
Tea - Green,Papua New Guinea,17/11/2003,217,2201,1357
Cheese - Comte,Indonesia,15/4/2013,311,4673,1097
"Pepper - Red, Finger Hot",Luxembourg,2/4/2019,353,8935,1280
"Lobster - Baby, Boiled",Uzbekistan,11/3/2004,328,6922,1048
Ice Cream - Strawberry,Honduras,9/3/2007,-17,5292,1205
The Pop Shoppe - Lime Rickey,Venezuela,20/10/2016,95,2699,1281
"Jam - Marmalade, Orange",Tunisia,16/12/2013,460,10117,1479
Calvados - Boulard,Austria,27/11/2003,134,2205,1459
Dates,China,14/7/2020,91,489,1190
Oil - Avocado,Russia,20/3/2003,310,4369,1284
Wine - White Cab Sauv.on,Egypt,3/7/2017,227,5438,1322
Nestea - Iced Tea,Indonesia,14/5/2016,369,6448,1318
Lettuce - Lolla Rosa,Ecuador,23/3/2005,354,6825,1017
Squid - U 5,Poland,30/4/2009,89,952,1469
Pepper Squash,Brazil,16/8/2008,170,2071,1442
Walkers Special Old Whiskey,Ukraine,28/6/2017,271,7420,1413
"Bread - Bagels, Mini",Indonesia,4/10/2008,395,8382,1137
Cardamon Seed / Pod,Indonesia,3/2/2012,184,3426,1000
"Fish - Soup Base, Bouillon",China,14/5/2008,200,5439,1319
"Split Peas - Yellow, Dry",Sweden,12/7/2006,427,9752,1228
Wine - Magnotta - Bel Paese White,China,22/5/2018,211,7502,1277
Juice - Lemon,Russia,26/2/2012,360,5053,1290
Sage Ground Wiberg,China,13/10/2002,255,4761,1414
Soup - Chicken And Wild Rice,Sri Lanka,30/10/2008,109,2761,1115
Wine - Bouchard La Vignee Pinot,Mongolia,6/9/2001,337,11249,1455
"Juice - Grapefruit, 341 Ml",Albania,21/9/2020,375,9450,1429
"Yogurt - Cherry, 175 Gr",Serbia,30/9/2008,181,4401,1115
"Sauce - Apple, Unsweetened",China,17/4/2014,67,1743,1149
Nori Sea Weed,China,6/7/2018,474,5965,1274
Puff Pastry - Slab,France,6/2/2008,124,2179,1487
"Pork - Sausage, Medium",China,27/8/2008,197,4610,1139
Bonito Flakes - Toku Katsuo,Nigeria,21/6/2020,388,10270,1431
Mudslide,Brazil,14/10/2019,105,825,1175
Pomello,Indonesia,21/7/2011,215,1410,1378
Cheese - Ricotta,Philippines,25/8/2018,136,2324,1040
Fish - Bones,Indonesia,10/6/2015,302,3907,1478
"Nut - Walnut, Pieces",South Korea,16/4/2005,338,6885,1305
Bacardi Breezer - Strawberry,China,28/2/2003,109,3332,1438
Bread - Italian Sesame Poly,China,27/2/2016,532,14041,1253
"Juice - Tomato, 48 Oz",Uzbekistan,23/1/2003,315,6757,1143
Apricots - Dried,United States,28/1/2019,145,2266,1283
Napkin - Beverage 1 Ply,Portugal,6/11/2010,234,5749,1335
"Beef - Chuck, Boneless",Brazil,21/3/2008,231,4783,1414
Cup - 4oz Translucent,Argentina,11/12/2005,430,8401,1248
"Cheese - Havarti, Roasted Garlic",Azerbaijan,9/8/2010,352,10785,1181
"Nut - Chestnuts, Whole",Philippines,5/12/2010,163,3828,1056
Energy Drink - Franks Pineapple,South Korea,7/4/2013,281,8094,1478
"Pasta - Spaghetti, Dry",Indonesia,22/11/2010,327,7805,1362
Cheese - Mascarpone,China,17/9/2020,308,5878,1250
Pastry - Lemon Danish - Mini,Netherlands,16/8/2010,221,6439,1080
Corn Shoots,Indonesia,18/11/2001,261,2910,1115
Bowl 12 Oz - Showcase 92012,Thailand,7/6/2017,303,8733,1333
Vaccum Bag 10x13,Morocco,2/2/2009,243,3513,1151
Wine - Prosecco Valdobienne,Myanmar,3/4/2020,230,6093,1241
Food Colouring - Pink,Indonesia,13/12/2019,63,1353,1036
Cheese - Cottage Cheese,Portugal,19/1/2008,545,13177,1085
Bread - Corn Muffaleta Onion,Indonesia,11/7/2010,113,3098,1134
Onion Powder,Poland,21/3/2003,-51,3592,1498
Icecream - Dstk Super Cone,Brazil,21/3/2012,162,4145,1429
Wine - Cava Aria Estate Brut,Liberia,1/9/2015,360,10630,1083
"Mushroom - Trumpet, Dry",Philippines,27/10/2003,26,608,1080
Salt - Table,Sweden,5/11/2002,55,606,1284
"Turkey - Breast, Smoked",Indonesia,24/7/2003,426,9587,1067
Cheese - Taleggio D.o.p.,Ukraine,9/1/2009,170,4244,1334
Beer - Fruli,Brazil,29/9/2002,255,3308,1284
Wine - Pinot Grigio Collavini,Brazil,14/1/2017,,17857,1099
Flower - Potmums,China,4/9/2011,289,4895,1062
Wine - Chablis 2003 Champs,Peru,6/8/2020,89,2238,1040
Carbonated Water - Wildberry,Greece,12/7/2010,147,4190,1159
Wine - Charddonnay Errazuriz,Ukraine,12/2/2005,110,3287,1324
Apples - Spartan,Philippines,3/1/2019,174,2843,1266
Shrimp - 150 - 250,France,30/11/2002,220,3577,1078
"Olives - Black, Pitted",Ethiopia,13/11/2003,414,9932,1327
Figs,China,23/12/2015,-35,4173,1063
Godiva White Chocolate,Czech Republic,2/8/2006,292,6407,1315
Bacardi Mojito,Indonesia,5/10/2008,319,4887,1275
Spice - Peppercorn Melange,China,25/1/2013,,7224,1342
True - Vue Containers,China,6/12/2014,321,6856,1451
Cocoa Feuilletine,Russia,31/5/2011,313,5116,1200
Gelatine Leaves - Envelopes,Indonesia,23/4/2013,364,9483,1180
"Tortillas - Flour, 12",Palestinian Territory,12/9/2008,261,5015,1185
Loquat,Ukraine,21/4/2011,129,749,1167
"Fish - Atlantic Salmon, Cold",Russia,26/7/2002,118,3580,1366
Cauliflower,Colombia,29/4/2004,,1341,1490
"Cheese - Havarti, Roasted Garlic",Brazil,6/9/2002,306,10587,1058
Cheese - Grie Des Champ,Greece,2/6/2001,318,7783,1177
Sobe - Green Tea,China,24/1/2016,88,1284,1259
Grenadillo,Portugal,10/12/2017,156,1600,1264
Island Oasis - Banana Daiquiri,Poland,8/8/2008,224,7231,1254
Contreau,Slovenia,28/4/2012,275,2156,1055
Milk - Skim,Netherlands,5/5/2011,324,3309,1362
Burger Veggie,Russia,4/11/2019,37,516,1173
Pepper - Cayenne,Sweden,24/2/2002,251,4252,1438
Seedlings - Clamshell,Cameroon,19/3/2005,73,1635,1011
Lamb - Rack,Republic of the Congo,23/1/2019,151,1590,1021
Wine - Clavet Saint Emilion,Portugal,19/3/2011,245,7234,1214
Papadam,Indonesia,13/4/2001,441,3073,1149
Towel - Roll White,Poland,22/4/2010,220,3566,1481
Canadian Emmenthal,China,1/5/2001,416,8122,1102
"Wine - Red, Metus Rose",China,25/6/2007,395,9541,1191
Juice - Lime,China,23/8/2002,427,5367,1193
Napkin White - Starched,Bulgaria,5/6/2010,383,8408,1478
Smoked Paprika,Croatia,22/9/2014,404,5651,1128
Coffee - Egg Nog Capuccino,Indonesia,3/10/2011,170,4595,1489
Table Cloth 54x54 White,France,14/4/2020,175,4111,1147
"Sauce - Apple, Unsweetened",Colombia,24/8/2019,284,7829,1458
Cheese - Grie Des Champ,Mongolia,26/4/2003,221,5352,1143
"Schnappes - Peach, Walkers",Poland,3/11/2003,262,6282,1346
Okra,Slovenia,8/7/2005,315,1147,1406
Fudge - Cream Fudge,United States,26/9/2016,17,351,1249
Venison - Denver Leg Boneless,Myanmar,17/9/2004,345,9503,1095
"Pork - Tenderloin, Fresh",China,17/2/2008,320,7380,1155
"Tomatoes - Cherry, Yellow",China,5/6/2004,,21241,1240
Beer - Upper Canada Light,Uruguay,18/3/2011,40,1074,1195
"Salmon - Atlantic, Fresh, Whole",United States,27/5/2018,237,6755,1233
Bread - Triangle White,Ecuador,13/3/2002,318,7562,1135
Flour - Semolina,China,9/12/2005,168,2751,1187
Salt And Pepper Mix - Black,China,19/7/2020,390,10598,1434
Kohlrabi,Japan,19/5/2015,54,443,1370
Sauce - Roasted Red Pepper,China,24/10/2014,211,5951,1022
Arrowroot,Kyrgyzstan,6/6/2002,323,3012,1433
"Juice - Grapefruit, 341 Ml",Indonesia,16/3/2014,112,2943,1039
Cups 10oz Trans,Brazil,7/11/2004,233,3696,1223
"Orange - Canned, Mandarin",Indonesia,5/3/2014,297,7847,1375
"Beans - Turtle, Black, Dry",Egypt,1/4/2004,407,11363,1461
Trueblue - Blueberry,Ethiopia,7/8/2009,,20383,1111
Bacardi Breezer - Tropical,Greece,24/10/2018,39,1086,1245
Flower - Carnations,China,20/3/2013,301,5575,1248
Butter Ripple - Phillips,Denmark,17/2/2001,275,6467,1280
Beer - Steamwhistle,Thailand,12/7/2006,285,5094,1183
Bread Crumbs - Panko,Macedonia,15/10/2001,159,3182,1029
Wine - Balbach Riverside,Thailand,9/3/2013,,4311,1182
Duck - Fat,Indonesia,15/5/2015,305,2774,1396
"Stock - Beef, Brown",France,9/11/2014,110,2141,1259
Ham - Cooked Italian,Argentina,5/12/2010,284,5971,1274
Chambord Royal,China,23/5/2005,469,7165,1111
Plaintain,Portugal,10/11/2011,336,2731,1465
Mangoes,Mali,16/2/2008,497,3471,1213
"Cheese - Woolwich Goat, Log",Armenia,1/10/2019,149,4330,1268
Sultanas,Sweden,4/9/2015,40,307,1312
Plastic Arrow Stir Stick,China,9/6/2016,135,3561,1363
Sugar - Fine,Indonesia,25/9/2012,347,3954,1308
Ice Cream - Vanilla,China,14/6/2014,244,4804,1417
Veal - Osso Bucco,Democratic Republic of the Congo,24/9/2007,241,4362,1183
"Mushroom - Morels, Dry",Costa Rica,14/9/2010,244,5468,1233
Wine - Prem Select Charddonany,Cuba,11/12/2012,81,2370,1317
Rice - 7 Grain Blend,Sweden,18/5/2004,309,6545,1294
Grapes - Green,Nigeria,7/1/2008,110,1677,1214
White Baguette,China,20/8/2019,419,5759,1488
Sambuca - Opal Nera,Canada,22/2/2010,303,6112,1023
Gatorade - Orange,Portugal,26/12/2013,274,4988,1186
Skirt - 29 Foot,Ukraine,11/9/2008,240,3897,1391
Lamb - Whole Head Off,Tunisia,11/3/2001,312,6468,1248
"Rum - White, Gg White",Indonesia,27/6/2007,223,4536,1014
Pork - Backfat,Pakistan,2/7/2016,125,1579,1345
"Tuna - Canned, Flaked, Light",Venezuela,1/7/2014,463,13884,1225
Coffee - Dark Roast,Portugal,17/10/2002,130,2225,1119
Praline Paste,Kenya,11/12/2020,268,3667,1077
Muffin Hinge 117n,Russia,30/8/2002,450,7541,1187
Potatoes - Peeled,China,25/7/2003,276,4458,1292
"Veal - Inside, Choice",Indonesia,2/10/2005,396,7668,1473
Vinegar - Tarragon,Myanmar,29/6/2013,-74,8247,1054
Apricots - Halves,China,29/6/2003,158,2949,1444
Broom Handle,Peru,27/5/2017,231,2565,1255
Longos - Grilled Salmon With Bbq,Nigeria,8/6/2018,222,6747,1427
Pork Loin Cutlets,Bulgaria,17/5/2002,390,6719,1110
"Pasta - Penne, Lisce, Dry",Guatemala,21/1/2005,578,15686,1358
Milk - Buttermilk,Ethiopia,8/10/2004,178,3208,1259
Muffin Mix - Corn Harvest,Indonesia,5/4/2017,511,11956,1476
Tequila - Sauza Silver,Guatemala,15/12/2003,138,138556,1438
Dawn Professionl Pot And Pan,China,23/12/2008,164,4239,1187
Soup - Cream Of Potato / Leek,China,1/6/2017,-46,6603,1189
Anisette - Mcguiness,Indonesia,11/2/2009,134,2639,1455
"Oil - Shortening,liqud, Fry",Portugal,13/1/2003,181,4786,1106
Muffin Mix - Lemon Cranberry,Kazakhstan,6/6/2006,213,6190,1420
Island Oasis - Ice Cream Mix,Bhutan,20/12/2013,173,4543,1465
"Pepper - Chillies, Crushed",Poland,9/8/2007,289,7033,1385
Carbonated Water - Blackcherry,China,22/11/2015,289,8020,1313
Shrimp - Black Tiger 16/20,Indonesia,6/2/2012,381,10411,1144
"Basil - Dry, Rubbed",Armenia,16/1/2012,162,3152,1404
"Marsala - Sperone, Fine, D.o.c.",Albania,11/7/2006,215,7112,1331
Wine - Chianti Classico Riserva,Czech Republic,17/6/2002,27,763,1240
Tandoori Curry Paste,Sweden,11/2/2013,276,5815,1427
Skewers - Bamboo,Malaysia,1/12/2013,237,3704,1189
Beef - Short Ribs,Russia,26/12/2008,321,5794,1313
"Salmon - Atlantic, Fresh, Whole",China,30/3/2019,166,5208,1173
General Purpose Trigger,Gambia,30/5/2010,395,8614,1188
Ecolab - Lime - A - Way 4/4 L,France,7/10/2002,432,13314,1323
Oil - Macadamia,Indonesia,9/1/2008,141,99460,1437
Pork - Smoked Kassler,China,5/4/2014,57,1247,1231
Pepper - Green,China,17/11/2008,78,1131,1437
"Crab - Claws, 26 - 30",Indonesia,24/3/2018,330,7382,1083
Beer - True North Strong Ale,Canada,10/10/2008,279,7849,1162
Liners - Baking Cups,Venezuela,10/12/2019,250,5395,1000
Truffle Cups - White Paper,Azerbaijan,26/4/2002,303,8157,1373
Piping - Bags Quizna,Brazil,28/1/2001,308,6089,1221
Energy Drink Red Bull,Russia,5/5/2009,477,10327,1431
Sobe - Liz Blizz,Poland,6/9/2018,304,5279,1023
"Melon - Watermelon, Seedless",Serbia,16/5/2002,205,6124,1364
"Stock - Veal, White",Venezuela,1/2/2019,239,4679,1475
Assorted Desserts,Indonesia,28/3/2013,,6968,1418
Foil - Round Foil,Thailand,28/10/2014,187,3426,1340
"Peas - Pigeon, Dry",Canada,6/7/2005,293,5723,1112
"Sauce - Soya, Dark",Japan,2/12/2009,316,5939,1015
"Tendrils - Baby Pea, Organic",Bulgaria,27/8/2008,312,8430,1169
"Vermacelli - Sprinkles, Assorted",Portugal,13/7/2007,73,2514,1493
Clam - Cherrystone,Afghanistan,14/2/2001,192,3401,1120
Bread - Raisin Walnut Oval,Poland,20/3/2001,259,6550,1058
"Pepper - Black, Crushed",Indonesia,21/10/2010,415,8699,1079
Rice Wine - Aji Mirin,Thailand,24/2/2011,-109,17282,1207
Table Cloth 144x90 White,Greece,20/5/2002,,1657,1497
"Soda Water - Club Soda, 355 Ml",Sweden,6/11/2020,73,2258,1090
Table Cloth 90x90 Colour,China,14/8/2016,415,10134,1245
Muffins - Assorted,China,31/10/2010,132,2360,1224
Shrimp - 150 - 250,Russia,25/1/2009,368,6265,1354
Onions - Cippolini,Togo,14/6/2009,460,8884,1464
Pork Casing,Sweden,15/7/2017,405,4452,1447
Lettuce - Boston Bib - Organic,Canada,1/7/2020,413,12155,1285
Carbonated Water - Peach,United States,2/7/2012,205,4534,1401
Cheese - Grana Padano,Cuba,18/6/2018,417,9246,1406
Stainless Steel Cleaner Vision,Serbia,30/7/2020,96,2657,1029
Ice Cream - Strawberry,China,1/2/2001,20,457,1170
Pepperoni Slices,Czech Republic,28/7/2009,439,6470,1339
Beer - Sleemans Cream Ale,Russia,12/11/2006,269,6865,1140
Coffee - Cafe Moreno,Hungary,12/2/2001,226,4552,1226
Steampan - Half Size Shallow,China,26/4/2014,322,9323,1499
Muffin Batt - Ban Dream Zero,Philippines,24/1/2011,356,9196,1205
Mushroom - Crimini,Poland,20/11/2001,277,4650,1052
Chicken - Wieners,Mexico,10/6/2016,-27,5164,1037
Lamb - Bones,Nicaragua,24/3/2004,299,3608,1006
Graham Cracker Mix,Russia,15/6/2007,305,5614,1401
Lotus Leaves,China,11/11/2009,234,2844,1007
Glass Clear 8 Oz,Brazil,14/3/2018,297,4856,1076
Soup - Cream Of Broccoli,China,15/3/2016,155,3412,1481
Cucumber - English,Indonesia,14/3/2016,339,5563,1218
Sorrel - Fresh,Sweden,28/4/2012,122,1596,1268
Carbonated Water - Peach,Russia,27/11/2008,303,7188,1497
Foil Cont Round,Costa Rica,8/11/2011,273,3863,1333
Soup - Boston Clam Chowder,Indonesia,14/7/2017,272,6474,1079
Pop - Club Soda Can,United States,12/1/2009,405,7467,1485
Chick Peas - Canned,Argentina,4/7/2005,156,2680,1424
"Pork - Tenderloin, Frozen",Russia,19/12/2012,233,5370,1124
Bread - Corn Muffaleta Onion,Philippines,14/4/2006,223,6186,1036
Pastry - Chocolate Marble Tea,China,12/10/2004,131,3559,1056
Peach - Halves,China,11/6/2004,418,6157,1149
Mangoes,South Africa,1/9/2011,451,2854,1313
Heavy Duty Dust Pan,Colombia,29/9/2004,240,4753,1111
Sachet,Togo,11/9/2019,190,1241,1225
Cinnamon Buns Sticky,Peru,31/12/2017,213,4377,1051
Octopus,China,4/12/2013,112,752,1206
Tea - Herbal Orange Spice,Indonesia,25/4/2006,148,3351,1129
"Juice - Grape, White",China,26/4/2003,202,3690,1027
Pork - Ham Hocks - Smoked,Indonesia,25/9/2001,121,3007,1152
Momiji Oroshi Chili Sauce,Namibia,30/10/2006,213,4861,1101
Lid Coffee Cup 8oz Blk,Colombia,16/5/2011,433,9500,1059
Milk Powder,Philippines,7/2/2019,400,4173,1082
Carbonated Water - Lemon Lime,Portugal,25/3/2012,72,1947,1420
Bread - Corn Muffaleta Onion,Brazil,31/12/2016,385,9899,1075
Pur Value,China,11/4/2009,259,2474,1135
Cake - Miini Cheesecake Cherry,Montenegro,24/5/2010,62,2025,1205
"Beef - Ox Tongue, Pickled",South Korea,28/2/2005,312,8575,1229
Ice Cream Bar - Oreo Sandwich,China,12/6/2006,296,8661,1362
"Rum - White, Gg White",China,5/3/2017,391,8641,1226
Muffin Puck Ww Carrot,Egypt,25/6/2004,122,2373,1006
Chinese Foods - Thick Noodles,France,14/3/2007,146,3858,1475
Longos - Burritos,Philippines,21/12/2018,494,8338,1090
Cheese - Cheddar With Claret,China,6/7/2003,248,7190,1110
Trout - Smoked,China,14/5/2006,262,3665,1209
"Lemonade - Mandarin, 591 Ml",Indonesia,18/9/2003,295,8687,1275
Wine - Jackson Triggs Okonagan,Sweden,14/4/2003,327,10229,1144
Chips - Doritos,China,25/9/2010,347,5310,1143
"Soup - Knorr, French Onion",Indonesia,22/6/2020,114,3150,1473
"Mushroom - Morels, Dry",Indonesia,19/9/2005,279,6672,1056
Asparagus - Frozen,Philippines,17/9/2008,62,1007,1198
Gherkin,Russia,22/8/2002,273,2047,1454
Corn Syrup,Albania,20/9/2009,232,2388,1134
"Flour - Bran, Red",Russia,11/12/2007,337,5812,1098
Kiwi Gold Zespri,Sweden,25/11/2018,154,2407,1351
External Supplier,Vietnam,22/9/2011,281,4537,1342
"Beef - Rouladin, Sliced",Mauritius,22/8/2002,128,2746,1215
Juice - Ocean Spray Cranberry,Nepal,2/12/2003,143,3804,1248
Trout - Smoked,Japan,3/3/2009,178,2519,1293
Cheese - Oka,Moldova,21/9/2015,415,5256,1319
"Seedlings - Buckwheat, Organic",Finland,1/6/2004,379,12018,1400
Pan Grease,Japan,2/12/2001,96,947,1398
Jolt Cola - Electric Blue,China,29/4/2005,213,5795,1357
Rye Special Old,Bolivia,4/6/2004,219,3106,1380
Milk - Homo,Sweden,5/12/2011,301,3384,1307
Watercress,Indonesia,21/3/2011,246,2563,1242
Berry Brulee,Russia,28/9/2009,314,4036,1427
Gherkin - Sour,Pakistan,29/10/2018,365,5603,1354
"Beef - Baby, Liver",China,10/3/2015,226,4105,1187
Wine - Casillero Del Diablo,China,8/11/2013,535,14595,1459
"Tart Shells - Savory, 2",Portugal,6/6/2014,58,1356,1373
Beans - Yellow,Russia,21/9/2004,228,3137,1022
"Tabasco Sauce, 2 Oz",France,8/7/2018,463,8320,1131
Bag Clear 10 Lb,Poland,4/1/2008,281,3904,1428
Shiro Miso,Indonesia,15/1/2012,181,1860,1098
Beer - Labatt Blue,Greece,22/7/2017,261,4857,1443
Barley - Pearl,France,13/11/2015,393,5783,1304
Banana Turning,Thailand,18/1/2013,190,2471,1088
Soup - Campbells,Philippines,1/11/2008,253,3956,1046
Sprouts Dikon,Colombia,2/8/2020,239,3192,1480
Cookie Choc,China,19/6/2013,248,2948,1485
Ecolab - Hobart Washarm End Cap,Japan,18/12/2015,354,11735,1008
Shiro Miso,Poland,12/5/2016,390,3564,1485
Eggplant Italian,Philippines,21/5/2011,220,3738,1179
"Beef - Rib Roast, Capless",Malaysia,1/6/2008,377,9752,1257
Higashimaru Usukuchi Soy,United Kingdom,12/10/2005,-7,13691,1198
Pop Shoppe Cream Soda,China,26/6/2018,169,3294,1493
Otomegusa Dashi Konbu,France,1/4/2012,449,8931,1006
Ocean Spray - Ruby Red,United States,4/9/2015,,19684,1197
Wine - Puligny Montrachet A.,Indonesia,13/2/2003,155,4733,1379
Bar Special K,Indonesia,10/9/2014,350,4618,1264
Turkey Leg With Drum And Thigh,Azerbaijan,7/9/2011,66,2036,1247
Table Cloth 91x91 Colour,Poland,21/5/2019,211,5175,1212
Milk - Homo,Colombia,17/1/2001,393,4447,1175
"Marjoram - Dried, Rubbed",Peru,11/4/2019,93,2131,1443
Bagel - Ched Chs Presliced,Russia,7/12/2007,282,7598,1466
Kale - Red,Luxembourg,29/6/2015,54,586,1299
"Wine - Saint - Bris 2002, Sauv",Czech Republic,20/11/2002,219,7177,1073
"Flour - Corn, Fine",Indonesia,13/8/2013,87,1668,1028
Tandoori Curry Paste,China,1/10/2019,269,5835,1377
"Soup - Knorr, Veg / Beef",Indonesia,7/4/2010,148,3738,1329
Wine - Vidal Icewine Magnotta,Thailand,7/4/2012,222,6808,1464
"Potatoes - Instant, Mashed",Greece,5/7/2016,231,6447,1243
Cheese - Comte,Philippines,24/1/2007,332,4513,1186
Appetizer - Crab And Brie,Guatemala,28/6/2003,266,6085,1097
Sauce - Rosee,Serbia,16/4/2014,439,5350,1188
Ice Cream - Vanilla,Peru,1/4/2005,7,134,1169
Lemon Balm - Fresh,Panama,1/5/2002,269,5299,1294
"Jam - Raspberry,jar",Nicaragua,7/9/2017,394,8219,1404
Wine - Semi Dry Riesling Vineland,China,27/9/2002,272,9409,1391
Wine - Jackson Triggs Okonagan,Azerbaijan,23/11/2017,277,8837,1278
Chevril,Canada,19/9/2017,96,617,1443
Broom - Corn,China,22/3/2003,322,3957,1314
Sprouts - Onion,Morocco,7/1/2019,237,3331,1187
Yogurt - Assorted Pack,Portugal,28/1/2014,413,9234,1324
Appetizer - Seafood Assortment,United States,9/1/2008,388,12348,1426
Tea Peppermint,Ireland,18/4/2003,37,531,1255
Oneshot Automatic Soap System,Indonesia,20/8/2004,246,7483,1138
Chicken Breast Wing On,Central African Republic,11/6/2013,322,7511,1261
Scotch - Queen Anne,China,27/2/2008,318,6196,1059
Wine - Magnotta - Belpaese,Azerbaijan,24/7/2001,431,11297,1043
Nut - Macadamia,Myanmar,17/12/2007,327,5169,1294
Bread - Raisin Walnut Oval,China,25/6/2008,329,8632,1335
Oxtail - Cut,Indonesia,25/6/2010,127,1594,1389
Sprouts - Baby Pea Tendrils,Ukraine,5/8/2016,299,7379,1434
Broom - Push,Ecuador,24/1/2004,177,2209,1249
Wine - Casillero Del Diablo,Lebanon,8/12/2013,352,9110,1373
Mahi Mahi,United Arab Emirates,9/10/2001,478,4556,1406
Coffee - Egg Nog Capuccino,Netherlands,3/8/2010,286,7612,1476
Chutney Sauce,Colombia,4/7/2008,370,4927,1443
Beans - Green,Philippines,8/12/2006,55,744,1332
Muffin Orange Individual,Saudi Arabia,31/3/2017,244,5388,1186
"Jam - Strawberry, 20 Ml Jar",Italy,2/10/2004,249,6113,1372
Kohlrabi,United States,4/2/2005,325,2515,1321
Cocktail Napkin Blue,Poland,15/7/2010,444,9510,1031
Wine - Magnotta - Cab Sauv,Portugal,13/12/2012,,4858,1122
Jagermeister,Colombia,23/2/2004,276,3174,1290
Bread - Raisin Walnut Oval,China,2/5/2002,222,6268,1058
Wine - Duboeuf Beaujolais,Sweden,23/8/2020,76,1933,1158
Raspberries - Fresh,United States,20/5/2007,93,1611,1455
Smoked Paprika,Philippines,6/2/2010,10,143,1089
French Pastries,Thailand,2/12/2017,224,3216,1210
Sugar - Fine,Poland,23/10/2014,399,4354,1197
Tea - Grapefruit Green Tea,Portugal,22/6/2004,230,5896,1015
"Salt - Rock, Course",Russia,30/7/2002,74,1492,1199
Sloe Gin - Mcguinness,Jamaica,19/11/2017,134,2970,1225
Rambutan,China,1/6/2012,122,1038,1323
Sprouts - Peppercress,China,18/12/2006,162,3737,1312
Cabbage - Red,Honduras,8/2/2020,393,5590,1066
Crab Meat Claw Pasteurise,Colombia,24/2/2018,316,7440,1135
Apple - Fuji,Indonesia,27/4/2008,213,2334,1347
"Crab - Claws, 26 - 30",Belarus,4/9/2005,107,2187,1160
"Pasta - Bauletti, Chicken White",Philippines,1/3/2016,57,1768,1310
Hot Choc Vending,Sweden,12/10/2010,50,720,1069
Food Colouring - Blue,Sweden,16/1/2010,397,8607,1219
Buffalo - Striploin,South Korea,11/10/2006,440,8073,1010
Container - Clear 32 Oz,China,8/9/2014,119,2543,1473
"Sauce - White, Mix",China,16/7/2010,240,4075,1099
"Halibut - Whole, Fresh",Macedonia,30/10/2018,203,4678,1092
Coriander - Seed,Colombia,19/10/2007,178,3031,1055
Pork Loin Bine - In Frenched,Madagascar,7/12/2009,347,10475,1047
Beef - Prime Rib Aaa,Mexico,17/10/2003,429,8061,1186
"Olives - Green, Pitted",China,31/10/2016,64,1322,1063
Rice - Basmati,Brazil,18/11/2003,-95,16285,1099
Versatainer Nc - 8288,China,8/1/2016,67,1380,1414
Wine - Chenin Blanc K.w.v.,Syria,26/7/2013,196,5156,1405
Table Cloth 54x54 Colour,Indonesia,29/7/2013,433,10106,1168
Tandoori Curry Paste,Mongolia,22/3/2011,390,7311,1388
Easy Off Oven Cleaner,Russia,20/9/2015,284,6064,1165
"Potatoes - Yukon Gold, 80 Ct",Russia,26/1/2013,375,10003,1132
Beer - Paulaner Hefeweisse,Venezuela,16/3/2012,341,9131,1030
Ecolab - Hobart Upr Prewash Arm,China,7/11/2009,92,2757,1360
Coffee Beans - Chocolate,China,14/6/2018,204,4712,1115
Bread Cranberry Foccacia,France,21/8/2018,244,6393,1371
Meldea Green Tea Liquor,Colombia,1/9/2008,388,8644,1152
Currants,Portugal,16/9/2017,350,3073,1165
Melon - Cantaloupe,Vietnam,25/12/2019,477,8997,1353
Tomato Puree,Peru,3/1/2015,231,2842,1159
"Lamb - Leg, Diced",Nigeria,25/8/2001,,12904,1238
Jack Daniels,France,4/6/2020,325,3677,1160
Food Colouring - Blue,Vietnam,30/10/2004,348,7542,1281
"Sauce - Bernaise, Mix",Canada,8/10/2006,318,6279,1373
Veal - Leg,Niger,10/1/2020,-138,1230,1063
Cookie Chocolate Chip With,Indonesia,9/11/2019,402,10554,1021
Wine - Tio Pepe Sherry Fino,China,7/12/2017,369,9038,1124
Tart - Lemon,Czech Republic,14/12/2019,202,2189,1437
"Brocolinni - Gaylan, Chinese",Iran,1/4/2006,359,10911,1298
Cheese Cloth No 60,Philippines,8/4/2001,311,5795,1256
Extract - Rum,China,5/3/2016,28,392,1313
Veal - Knuckle,Haiti,13/12/2003,180,2413,1140
Tomato Paste,Togo,23/4/2005,159,1876,1083
Bay Leaf Fresh,South Korea,15/7/2020,210,2750,1288
Shark - Loin,United States,14/5/2009,334,4108,1093
Potatoes - Pei 10 Oz,Ghana,3/3/2013,-23,16733,1488
Rice - Basmati,Portugal,15/6/2002,234,3450,1234
Pepper - Chili Powder,Serbia,21/8/2016,76,1560,1376
Soap - Hand Soap,Ireland,23/2/2016,62,1022,1138
Sloe Gin - Mcguinness,Germany,13/7/2015,229,4729,1121
"Lamb - Racks, Frenched",China,17/6/2007,232,4687,1318
"Cup - 6oz, Foam",China,24/9/2005,399,6392,1007
Mustard - Seed,Colombia,13/3/2011,,3665,1168
"Veal - Shank, Pieces",Kazakhstan,17/6/2016,314,6003,1283
Salmon - Fillets,Venezuela,29/6/2004,115,1843,1332
"Coconut - Creamed, Pure",China,23/8/2005,243,5869,1048
Wine - Red Oakridge Merlot,Nepal,24/8/2005,507,12030,1291
Oyster - In Shell,Indonesia,17/10/2018,361,6377,1141
Isomalt,United States,29/8/2020,339,2454,1416
Wine - Chateauneuf Du Pape,Indonesia,2/5/2018,190,4834,1370
"Crab - Claws, 26 - 30",United States,19/9/2005,101,2012,1141
Molasses - Fancy,Indonesia,10/2/2013,415,6772,1224
Oil - Peanut,China,14/9/2013,458,5853,1477
Ecolab - Hobart Upr Prewash Arm,Sweden,23/2/2005,494,15792,1370
Wine - Chateau Timberlay,Greece,2/11/2019,253,6520,1191
Wine - Piper Heidsieck Brut,Bulgaria,8/3/2008,204,5869,1451
Eel - Smoked,Pakistan,4/12/2001,358,4674,1450
Beef - Inside Round,Nigeria,23/9/2006,316,6031,1063
"Beans - Kidney, Red Dry",Philippines,12/4/2012,394,9318,1487
"Mushroom - Enoki, Dry",Argentina,24/2/2011,405,8640,1074
Venison - Ground,Thailand,12/9/2018,514,7799,1316
Berry Brulee,Mexico,30/8/2016,55,669,1417
Fruit Salad Deluxe,Spain,26/2/2001,151,2508,1047
Bamboo Shoots - Sliced,Croatia,19/1/2010,393,8022,1378
Gelatine Powder,Brazil,23/1/2016,180,2598,1438
Miso - Soy Bean Paste,China,2/6/2020,58,1294,1005
Milk Powder,China,11/10/2011,186,2038,1407
"Doilies - 12, Paper",Poland,27/4/2006,285,5494,1145
"Beef - Kindney, Whole",Russia,25/10/2007,247,4720,1413
Bread - Sour Batard,China,15/10/2015,310,6186,1472
Lime Cordial - Roses,Tanzania,18/11/2017,369,8035,1425
"Soup - Campbells, Spinach Crm",Philippines,18/2/2009,364,11167,1392
"Oil - Food, Lacquer Spray",Cameroon,27/11/2017,307,7133,1378
Cake - Cake Sheet Macaroon,Sweden,3/11/2005,63,1672,1417
"Pasta - Tortellini, Fresh",Ukraine,31/12/2002,450,11507,1248
Sole - Iqf,Ukraine,7/2/2019,324,3206,1029
Waffle Stix,China,15/1/2018,158,1693,1256
Yogurt - Assorted Pack,Thailand,7/12/2018,444,9389,1229
Pork - Liver,Malaysia,3/11/2004,201,2201,1327
Curry Paste - Madras,Philippines,28/8/2018,237,5201,1223
Chocolate - Chips Compound,United States,11/1/2013,273,7555,1423
"Sauce - Bernaise, Mix",Russia,14/1/2009,66,1468,1349
Cookies Almond Hazelnut,Vietnam,24/11/2014,97,2126,1022
Graham Cracker Mix,China,18/3/2014,-3,1311,1201
Flour - Whole Wheat,South Africa,25/11/2019,14,252,1488
Rosemary - Fresh,China,30/5/2003,,3802,1455
Wonton Wrappers,China,14/5/2009,270,4245,1110
Pickerel - Fillets,Indonesia,18/10/2006,263,4599,1061
Salt - Sea,China,3/11/2007,69,644,1467
Dooleys Toffee,China,15/10/2013,172,2573,1114
"Pasta - Fusili, Dry",Russia,23/6/2001,208,3881,1252
Wine - Kwv Chenin Blanc South,China,11/3/2001,254,7762,1373
Butter - Salted,France,30/3/2002,,17255,1157
Cheese - Brick With Onion,China,24/5/2020,270,6814,1103
Wine - Marlbourough Sauv Blanc,Portugal,27/3/2002,186,5548,1129
Bread - French Stick,Brazil,17/10/2014,252,4619,1018
Syrup - Monin - Passion Fruit,Nigeria,21/8/2020,316,9168,1119
"Onions - Dried, Chopped",Philippines,19/10/2005,305,6924,1415
Pizza Pizza Dough,France,8/12/2007,75,1343,1443
Goat - Whole Cut,Bangladesh,2/6/2015,274,4254,1407
Jam - Raspberry,Sweden,18/5/2003,309,4396,1274
Maple Syrup,Indonesia,4/6/2014,321,3773,1017
"Sauce - Black Current, Dry Mix",China,26/11/2002,267,7954,1132
"Pasta - Bauletti, Chicken White",Indonesia,11/2/2004,293,8890,1131
Bread Base - Toscano,Colombia,28/4/2008,69,1361,1427
Flour - Whole Wheat,China,19/3/2006,147,2912,1420
Sambuca - Ramazzotti,Poland,3/12/2003,365,8028,1225
Chicken Giblets,China,19/3/2016,190,2820,1439
Rice - Aborio,China,9/12/2017,382,4918,1113
"Wine - Red, Cabernet Merlot",Indonesia,31/5/2006,332,8581,1320
Muffin Mix - Banana Nut,Argentina,9/10/2017,330,7444,1203
Wine - Pinot Noir Latour,Mexico,28/1/2008,390,9139,1061
"Trout - Hot Smkd, Dbl Fillet",China,1/11/2004,78,2131,1330
Pastry - Baked Scones - Mini,China,19/7/2009,105,2890,1322
"Tortillas - Flour, 12",Indonesia,22/8/2002,300,6810,1413
Bar Energy Chocchip,Guatemala,25/12/2007,150,2731,1029
Crab - Meat Combo,Czech Republic,27/4/2013,396,7362,1492
Beans - Kidney White,Canada,22/7/2007,,20951,1121
Lime Cordial - Roses,China,2/3/2004,204,3782,1177
Carbonated Water - Orange,Poland,3/1/2008,379,9663,1396
Beef - Prime Rib Aaa,China,3/8/2007,54,1067,1475
Macaroons - Two Bite Choc,Indonesia,5/8/2011,352,9449,1037
Tarragon - Fresh,Portugal,26/6/2009,255,4360,1006
Parsley Italian - Fresh,Japan,2/11/2011,125,2800,1247
Food Colouring - Red,Nigeria,17/8/2009,112,2144,1049
Shark - Loin,China,17/9/2017,-54,1590,1253
Pepper - Chilli Seeds Mild,China,9/2/2020,230,6423,1065
Mcgillicuddy Vanilla Schnap,Colombia,7/10/2017,95,2388,1378
Artichoke - Fresh,Japan,19/9/2007,316,5811,1166
Tea - Herbal - 6 Asst,China,9/4/2019,149,2858,1227
Bread Sour Rolls,Philippines,7/2/2014,22,366,1074
Mousse - Mango,Angola,9/5/2005,222,3310,1172
Island Oasis - Sweet And Sour Mix,China,21/7/2003,241,7804,1499
Pomegranates,Philippines,17/9/2020,259,3202,1159
Sugar - Monocystal / Rock,Cuba,11/2/2013,476,12188,1475
Duck - Breast,Czech Republic,3/5/2016,,8411,1244
"Rum - White, Gg White",Philippines,12/5/2015,348,7290,1137
"Tabasco Sauce, 2 Oz",Colombia,29/3/2017,239,4881,1200
Ginger - Ground,Czech Republic,19/1/2014,355,5808,1092
Longos - Grilled Chicken With,Vietnam,20/8/2016,220,6474,1452
Bread - Dark Rye,Zimbabwe,18/4/2006,144,2461,1328
"Chicken - Leg, Fresh",Ukraine,4/2/2011,169,3187,1387
"Veal - Round, Eye Of",Poland,17/6/2013,249,5077,1203
"Pasta - Cannelloni, Sheets, Fresh",China,16/9/2007,398,13305,1243
Longos - Lasagna Beef,Cameroon,29/11/2013,145,2955,1040
Vinegar - Champagne,Armenia,18/8/2009,491,9019,1221
Lid Tray - 12in Dome,Portugal,2/1/2006,235,4334,1183
Coffee Decaf Colombian,Italy,11/9/2004,95,1929,1073
"Lettuce - Mini Greens, Whole",Poland,22/10/2012,117,3415,1387
"Tomatoes - Diced, Canned",Greece,5/1/2008,400,9337,1214
Jack Daniels,Argentina,24/8/2011,166,2109,1492
Apple - Macintosh,Indonesia,5/3/2009,183,2940,1441
Longos - Cheese Tortellini,China,11/6/2002,78,2153,1220
"Rum - Light, Captain Morgan",Brazil,15/4/2001,334,8487,1240
Sausage - Blood Pudding,Ecuador,21/8/2016,48,1176,1315
Tomatoes,Philippines,28/5/2002,370,2739,1441
Foam Tray S2,Peru,19/11/2018,100,1153,1102
Gelatine Powder,Ukraine,15/8/2003,282,4292,1151
Beer - Blue Light,Democratic Republic of the Congo,24/9/2009,178,3322,1407
Cheese - La Sauvagine,Poland,26/2/2014,500,10423,1341
Pastry - Banana Muffin - Mini,Canada,9/9/2010,243,7613,1274
Ham - Cooked Bayonne Tinned,Brazil,5/12/2020,30,854,1338
Butter Ripple - Phillips,Indonesia,6/3/2005,131,3113,1204
Food Colouring - Red,Poland,10/10/2006,193,3758,1058
Alize Sunset,Philippines,13/11/2001,388,4689,1256
Emulsifier,Thailand,7/8/2003,278,2533,1076
Wine - Sogrape Mateus Rose,France,14/1/2017,60,1595,1231
Calvados - Boulard,China,5/7/2015,363,6390,1489
Pickles - Gherkins,Nigeria,15/9/2004,349,6270,1083
Chocolate - Feathers,Philippines,27/10/2005,212,4564,1212
"Beef - Cooked, Corned",Indonesia,28/2/2002,403,8432,1241
Bread - Hamburger Buns,Papua New Guinea,9/8/2016,287,5760,1169
Cheese - Pont Couvert,Philippines,12/6/2003,365,7394,1098
V8 Splash Strawberry Banana,China,11/5/2003,321,8648,1021
Scampi Tail,Indonesia,14/6/2009,417,4997,1014
Muffin Batt - Choc Chk,Norway,14/7/2009,481,10995,1141
Beans - Kidney White,Indonesia,6/11/2005,135,2735,1001
"Juice - Apple, 500 Ml",China,9/7/2019,268,6015,1036
Mini - Vol Au Vents,Argentina,28/8/2011,346,6395,1476
Pastry - Key Limepoppy Seed Tea,United States,9/5/2002,329,10740,1204
Cloves - Whole,Japan,11/4/2010,384,5829,1288
Ecolab - Mikroklene 4/4 L,Russia,12/5/2001,422,10228,1120
Eggplant - Regular,Russia,22/8/2003,304,6013,1073
Ham - Cooked,France,22/10/2012,222,2789,1002
Island Oasis - Cappucino Mix,China,19/3/2009,232,6579,1462
Orange Roughy 6/8 Oz,Netherlands,3/3/2003,366,7256,1190
Pastry - Apple Large,Portugal,11/6/2020,402,7706,1305
Cookies - Assorted,China,14/11/2013,165,2835,1470
"Salsify, Organic",China,13/2/2004,204,3545,1332
Soup - Campbells Broccoli,Peru,5/11/2004,-93,5946,1109
Monkfish - Fresh,Republic of the Congo,21/2/2009,365,5608,1220
Grenadine,Poland,27/11/2020,170,1434,1442
Jolt Cola,China,12/9/2020,341,3005,1407
Tea - English Breakfast,Brazil,26/1/2018,326,7485,1203
Brandy Cherry - Mcguinness,Portugal,6/7/2017,330,8499,1016
Crab - Meat,Poland,21/1/2014,214,2155,1168
"Liqueur Banana, Ramazzotti",Zambia,5/5/2009,303,8394,1474
General Purpose Trigger,China,8/7/2019,195,4450,1348
Pork - Shoulder,Brazil,13/10/2004,142,2314,1184
Shrimp - 100 / 200 Cold Water,Thailand,25/11/2011,168,5300,1403
Oil - Safflower,Libya,8/6/2008,95,1310,1296
Juice - Propel Sport,Czech Republic,5/12/2008,233,4360,1257
Salami - Genova,Russia,13/9/2018,328,4695,1400
Veal - Inside,Gambia,15/9/2001,-21,9534,1424
"Pasta - Fett Alfredo, Single Serve",France,27/2/2004,440,16334,1045
"Rum - Dark, Bacardi, Black",Czech Republic,30/7/2010,178,5020,1284
Cookies Oatmeal Raisin,Indonesia,23/6/2016,277,5750,1124
Calypso - Pineapple Passion,Poland,2/3/2003,363,10512,1080
Cranberries - Frozen,Mexico,14/5/2003,204,4372,1008
Squid Ink,Argentina,25/8/2020,67,576,1497
Wine - Vovray Sec Domaine Huet,Guinea-Bissau,15/4/2018,161,4788,1203
Tuna - Fresh,Russia,1/7/2018,218,2820,1144
Bagel - Whole White Sesame,Japan,12/5/2013,179,4585,1295
Arizona - Plum Green Tea,Australia,25/9/2003,123,3004,1400
Cherries - Fresh,Dominican Republic,10/9/2010,220,3399,1241
"Mushroom - Oyster, Fresh",Poland,31/8/2017,124,3113,1224
Broom And Brush Rack Black,Israel,19/12/2008,110,2714,1118
Swiss Chard - Red,Philippines,9/4/2007,24,421,1424
"Oil - Food, Lacquer Spray",Afghanistan,24/12/2001,22,531,1312
Wine - Piper Heidsieck Brut,Nicaragua,27/7/2019,,4765,1203
Cake - Cake Sheet Macaroon,Dominican Republic,24/10/2006,193,4527,1463
Wine - Stoneliegh Sauvignon,Albania,17/10/2012,301,8703,1200
